market,date_cet,area,deliveryStartUTC,deliveryEndUTC,deliveryStartCET,deliveryEndCET,price,currency
SIDC_IntradayAuction3,2026-03-01,FR,2026-03-01T11:00:00Z,2026-03-01T11:15:00Z,2026-03-01T12:00:00+01:00,2026-03-01T12:15:00+01:00,-0.5,EUR
SIDC_IntradayAuction3,2026-03-01,FR,2026-03-01T11:15:00Z,2026-03-01T11:30:00Z,2026-03-01T12:15:00+01:00,2026-03-01T12:30:00+01:00,-0.81,EUR
SIDC_IntradayAuction3,2026-03-01,FR,2026-03-01T11:30:00Z,2026-03-01T11:45:00Z,2026-03-01T12:30:00+01:00,2026-03-01T12:45:00+01:00,-0.81,EUR
SIDC_IntradayAuction3,2026-03-01,FR,2026-03-01T11:45:00Z,2026-03-01T12:00:00Z,2026-03-01T12:45:00+01:00,2026-03-01T13:00:00+01:00,-0.81,EUR
SIDC_IntradayAuction3,2026-03-01,FR,2026-03-01T12:00:00Z,2026-03-01T12:15:00Z,2026-03-01T13:00:00+01:00,2026-03-01T13:15:00+01:00,-0.81,EUR
SIDC_IntradayAuction3,2026-03-01,FR,2026-03-01T12:15:00Z,2026-03-01T12:30:00Z,2026-03-01T13:15:00+01:00,2026-03-01T13:30:00+01:00,-0.81,EUR
SIDC_IntradayAuction3,2026-03-01,FR,2026-03-01T12:30:00Z,2026-03-01T12:45:00Z,2026-03-01T13:30:00+01:00,2026-03-01T13:45:00+01:00,-0.81,EUR
SIDC_IntradayAuction3,2026-03-01,FR,2026-03-01T12:45:00Z,2026-03-01T13:00:00Z,2026-03-01T13:45:00+01:00,2026-03-01T14:00:00+01:00,-0.81,EUR
SIDC_IntradayAuction3,2026-03-01,FR,2026-03-01T13:00:00Z,2026-03-01T13:15:00Z,2026-03-01T14:00:00+01:00,2026-03-01T14:15:00+01:00,-0.81,EUR
SIDC_IntradayAuction3,2026-03-01,FR,2026-03-01T13:15:00Z,2026-03-01T13:30:00Z,2026-03-01T14:15:00+01:00,2026-03-01T14:30:00+01:00,-0.81,EUR
SIDC_IntradayAuction3,2026-03-01,FR,2026-03-01T13:30:00Z,2026-03-01T13:45:00Z,2026-03-01T14:30:00+01:00,2026-03-01T14:45:00+01:00,-0.8,EUR
SIDC_IntradayAuction3,2026-03-01,FR,2026-03-01T13:45:00Z,2026-03-01T14:00:00Z,2026-03-01T14:45:00+01:00,2026-03-01T15:00:00+01:00,-0.75,EUR
SIDC_IntradayAuction3,2026-03-01,FR,2026-03-01T14:00:00Z,2026-03-01T14:15:00Z,2026-03-01T15:00:00+01:00,2026-03-01T15:15:00+01:00,-2.01,EUR
SIDC_IntradayAuction3,2026-03-01,FR,2026-03-01T14:15:00Z,2026-03-01T14:30:00Z,2026-03-01T15:15:00+01:00,2026-03-01T15:30:00+01:00,-2.1,EUR
SIDC_IntradayAuction3,2026-03-01,FR,2026-03-01T14:30:00Z,2026-03-01T14:45:00Z,2026-03-01T15:30:00+01:00,2026-03-01T15:45:00+01:00,-0.81,EUR
SIDC_IntradayAuction3,2026-03-01,FR,2026-03-01T14:45:00Z,2026-03-01T15:00:00Z,2026-03-01T15:45:00+01:00,2026-03-01T16:00:00+01:00,-2.01,EUR
SIDC_IntradayAuction3,2026-03-01,FR,2026-03-01T15:00:00Z,2026-03-01T15:15:00Z,2026-03-01T16:00:00+01:00,2026-03-01T16:15:00+01:00,0.95,EUR
SIDC_IntradayAuction3,2026-03-01,FR,2026-03-01T15:15:00Z,2026-03-01T15:30:00Z,2026-03-01T16:15:00+01:00,2026-03-01T16:30:00+01:00,19.62,EUR
SIDC_IntradayAuction3,2026-03-01,FR,2026-03-01T15:30:00Z,2026-03-01T15:45:00Z,2026-03-01T16:30:00+01:00,2026-03-01T16:45:00+01:00,13.49,EUR
SIDC_IntradayAuction3,2026-03-01,FR,2026-03-01T15:45:00Z,2026-03-01T16:00:00Z,2026-03-01T16:45:00+01:00,2026-03-01T17:00:00+01:00,5.94,EUR
SIDC_IntradayAuction3,2026-03-01,FR,2026-03-01T16:00:00Z,2026-03-01T16:15:00Z,2026-03-01T17:00:00+01:00,2026-03-01T17:15:00+01:00,22.01,EUR
SIDC_IntradayAuction3,2026-03-01,FR,2026-03-01T16:15:00Z,2026-03-01T16:30:00Z,2026-03-01T17:15:00+01:00,2026-03-01T17:30:00+01:00,33.43,EUR
SIDC_IntradayAuction3,2026-03-01,FR,2026-03-01T16:30:00Z,2026-03-01T16:45:00Z,2026-03-01T17:30:00+01:00,2026-03-01T17:45:00+01:00,14.05,EUR
SIDC_IntradayAuction3,2026-03-01,FR,2026-03-01T16:45:00Z,2026-03-01T17:00:00Z,2026-03-01T17:45:00+01:00,2026-03-01T18:00:00+01:00,54.51,EUR
SIDC_IntradayAuction3,2026-03-01,FR,2026-03-01T17:00:00Z,2026-03-01T17:15:00Z,2026-03-01T18:00:00+01:00,2026-03-01T18:15:00+01:00,28.51,EUR
SIDC_IntradayAuction3,2026-03-01,FR,2026-03-01T17:15:00Z,2026-03-01T17:30:00Z,2026-03-01T18:15:00+01:00,2026-03-01T18:30:00+01:00,31.15,EUR
SIDC_IntradayAuction3,2026-03-01,FR,2026-03-01T17:30:00Z,2026-03-01T17:45:00Z,2026-03-01T18:30:00+01:00,2026-03-01T18:45:00+01:00,34.04,EUR
SIDC_IntradayAuction3,2026-03-01,FR,2026-03-01T17:45:00Z,2026-03-01T18:00:00Z,2026-03-01T18:45:00+01:00,2026-03-01T19:00:00+01:00,43.57,EUR
SIDC_IntradayAuction3,2026-03-01,FR,2026-03-01T18:00:00Z,2026-03-01T18:15:00Z,2026-03-01T19:00:00+01:00,2026-03-01T19:15:00+01:00,61.81,EUR
SIDC_IntradayAuction3,2026-03-01,FR,2026-03-01T18:15:00Z,2026-03-01T18:30:00Z,2026-03-01T19:15:00+01:00,2026-03-01T19:30:00+01:00,57.1,EUR
SIDC_IntradayAuction3,2026-03-01,FR,2026-03-01T18:30:00Z,2026-03-01T18:45:00Z,2026-03-01T19:30:00+01:00,2026-03-01T19:45:00+01:00,47.76,EUR
SIDC_IntradayAuction3,2026-03-01,FR,2026-03-01T18:45:00Z,2026-03-01T19:00:00Z,2026-03-01T19:45:00+01:00,2026-03-01T20:00:00+01:00,39.46,EUR
SIDC_IntradayAuction3,2026-03-01,FR,2026-03-01T19:00:00Z,2026-03-01T19:15:00Z,2026-03-01T20:00:00+01:00,2026-03-01T20:15:00+01:00,35.46,EUR
SIDC_IntradayAuction3,2026-03-01,FR,2026-03-01T19:15:00Z,2026-03-01T19:30:00Z,2026-03-01T20:15:00+01:00,2026-03-01T20:30:00+01:00,35.02,EUR
SIDC_IntradayAuction3,2026-03-01,FR,2026-03-01T19:30:00Z,2026-03-01T19:45:00Z,2026-03-01T20:30:00+01:00,2026-03-01T20:45:00+01:00,34.55,EUR
SIDC_IntradayAuction3,2026-03-01,FR,2026-03-01T19:45:00Z,2026-03-01T20:00:00Z,2026-03-01T20:45:00+01:00,2026-03-01T21:00:00+01:00,4.34,EUR
SIDC_IntradayAuction3,2026-03-01,FR,2026-03-01T20:00:00Z,2026-03-01T20:15:00Z,2026-03-01T21:00:00+01:00,2026-03-01T21:15:00+01:00,35.46,EUR
SIDC_IntradayAuction3,2026-03-01,FR,2026-03-01T20:15:00Z,2026-03-01T20:30:00Z,2026-03-01T21:15:00+01:00,2026-03-01T21:30:00+01:00,41.42,EUR
SIDC_IntradayAuction3,2026-03-01,FR,2026-03-01T20:30:00Z,2026-03-01T20:45:00Z,2026-03-01T21:30:00+01:00,2026-03-01T21:45:00+01:00,29.98,EUR
SIDC_IntradayAuction3,2026-03-01,FR,2026-03-01T20:45:00Z,2026-03-01T21:00:00Z,2026-03-01T21:45:00+01:00,2026-03-01T22:00:00+01:00,24.57,EUR
SIDC_IntradayAuction3,2026-03-01,FR,2026-03-01T21:00:00Z,2026-03-01T21:15:00Z,2026-03-01T22:00:00+01:00,2026-03-01T22:15:00+01:00,24.98,EUR
SIDC_IntradayAuction3,2026-03-01,FR,2026-03-01T21:15:00Z,2026-03-01T21:30:00Z,2026-03-01T22:15:00+01:00,2026-03-01T22:30:00+01:00,19.03,EUR
SIDC_IntradayAuction3,2026-03-01,FR,2026-03-01T21:30:00Z,2026-03-01T21:45:00Z,2026-03-01T22:30:00+01:00,2026-03-01T22:45:00+01:00,40.83,EUR
SIDC_IntradayAuction3,2026-03-01,FR,2026-03-01T21:45:00Z,2026-03-01T22:00:00Z,2026-03-01T22:45:00+01:00,2026-03-01T23:00:00+01:00,36.29,EUR
SIDC_IntradayAuction3,2026-03-01,FR,2026-03-01T22:00:00Z,2026-03-01T22:15:00Z,2026-03-01T23:00:00+01:00,2026-03-01T23:15:00+01:00,38.82,EUR
SIDC_IntradayAuction3,2026-03-01,FR,2026-03-01T22:15:00Z,2026-03-01T22:30:00Z,2026-03-01T23:15:00+01:00,2026-03-01T23:30:00+01:00,14.55,EUR
SIDC_IntradayAuction3,2026-03-01,FR,2026-03-01T22:30:00Z,2026-03-01T22:45:00Z,2026-03-01T23:30:00+01:00,2026-03-01T23:45:00+01:00,31.05,EUR
SIDC_IntradayAuction3,2026-03-01,FR,2026-03-01T22:45:00Z,2026-03-01T23:00:00Z,2026-03-01T23:45:00+01:00,2026-03-02T00:00:00+01:00,29.13,EUR
SIDC_IntradayAuction3,2026-03-01,GER,2026-03-01T11:00:00Z,2026-03-01T11:15:00Z,2026-03-01T12:00:00+01:00,2026-03-01T12:15:00+01:00,-0.5,EUR
SIDC_IntradayAuction3,2026-03-01,GER,2026-03-01T11:15:00Z,2026-03-01T11:30:00Z,2026-03-01T12:15:00+01:00,2026-03-01T12:30:00+01:00,-0.81,EUR
SIDC_IntradayAuction3,2026-03-01,GER,2026-03-01T11:30:00Z,2026-03-01T11:45:00Z,2026-03-01T12:30:00+01:00,2026-03-01T12:45:00+01:00,-0.81,EUR
SIDC_IntradayAuction3,2026-03-01,GER,2026-03-01T11:45:00Z,2026-03-01T12:00:00Z,2026-03-01T12:45:00+01:00,2026-03-01T13:00:00+01:00,-0.81,EUR
SIDC_IntradayAuction3,2026-03-01,GER,2026-03-01T12:00:00Z,2026-03-01T12:15:00Z,2026-03-01T13:00:00+01:00,2026-03-01T13:15:00+01:00,-0.81,EUR
SIDC_IntradayAuction3,2026-03-01,GER,2026-03-01T12:15:00Z,2026-03-01T12:30:00Z,2026-03-01T13:15:00+01:00,2026-03-01T13:30:00+01:00,-0.81,EUR
SIDC_IntradayAuction3,2026-03-01,GER,2026-03-01T12:30:00Z,2026-03-01T12:45:00Z,2026-03-01T13:30:00+01:00,2026-03-01T13:45:00+01:00,-0.81,EUR
SIDC_IntradayAuction3,2026-03-01,GER,2026-03-01T12:45:00Z,2026-03-01T13:00:00Z,2026-03-01T13:45:00+01:00,2026-03-01T14:00:00+01:00,-0.81,EUR
SIDC_IntradayAuction3,2026-03-01,GER,2026-03-01T13:00:00Z,2026-03-01T13:15:00Z,2026-03-01T14:00:00+01:00,2026-03-01T14:15:00+01:00,-0.81,EUR
SIDC_IntradayAuction3,2026-03-01,GER,2026-03-01T13:15:00Z,2026-03-01T13:30:00Z,2026-03-01T14:15:00+01:00,2026-03-01T14:30:00+01:00,-0.81,EUR
SIDC_IntradayAuction3,2026-03-01,GER,2026-03-01T13:30:00Z,2026-03-01T13:45:00Z,2026-03-01T14:30:00+01:00,2026-03-01T14:45:00+01:00,-0.8,EUR
SIDC_IntradayAuction3,2026-03-01,GER,2026-03-01T13:45:00Z,2026-03-01T14:00:00Z,2026-03-01T14:45:00+01:00,2026-03-01T15:00:00+01:00,9.99,EUR
SIDC_IntradayAuction3,2026-03-01,GER,2026-03-01T14:00:00Z,2026-03-01T14:15:00Z,2026-03-01T15:00:00+01:00,2026-03-01T15:15:00+01:00,-2.01,EUR
SIDC_IntradayAuction3,2026-03-01,GER,2026-03-01T14:15:00Z,2026-03-01T14:30:00Z,2026-03-01T15:15:00+01:00,2026-03-01T15:30:00+01:00,7.7,EUR
SIDC_IntradayAuction3,2026-03-01,GER,2026-03-01T14:30:00Z,2026-03-01T14:45:00Z,2026-03-01T15:30:00+01:00,2026-03-01T15:45:00+01:00,32.43,EUR
SIDC_IntradayAuction3,2026-03-01,GER,2026-03-01T14:45:00Z,2026-03-01T15:00:00Z,2026-03-01T15:45:00+01:00,2026-03-01T16:00:00+01:00,59.76,EUR
SIDC_IntradayAuction3,2026-03-01,GER,2026-03-01T15:00:00Z,2026-03-01T15:15:00Z,2026-03-01T16:00:00+01:00,2026-03-01T16:15:00+01:00,42.93,EUR
SIDC_IntradayAuction3,2026-03-01,GER,2026-03-01T15:15:00Z,2026-03-01T15:30:00Z,2026-03-01T16:15:00+01:00,2026-03-01T16:30:00+01:00,64.04,EUR
SIDC_IntradayAuction3,2026-03-01,GER,2026-03-01T15:30:00Z,2026-03-01T15:45:00Z,2026-03-01T16:30:00+01:00,2026-03-01T16:45:00+01:00,86.99,EUR
SIDC_IntradayAuction3,2026-03-01,GER,2026-03-01T15:45:00Z,2026-03-01T16:00:00Z,2026-03-01T16:45:00+01:00,2026-03-01T17:00:00+01:00,99.82,EUR
SIDC_IntradayAuction3,2026-03-01,GER,2026-03-01T16:00:00Z,2026-03-01T16:15:00Z,2026-03-01T17:00:00+01:00,2026-03-01T17:15:00+01:00,85.54,EUR
SIDC_IntradayAuction3,2026-03-01,GER,2026-03-01T16:15:00Z,2026-03-01T16:30:00Z,2026-03-01T17:15:00+01:00,2026-03-01T17:30:00+01:00,98.99,EUR
SIDC_IntradayAuction3,2026-03-01,GER,2026-03-01T16:30:00Z,2026-03-01T16:45:00Z,2026-03-01T17:30:00+01:00,2026-03-01T17:45:00+01:00,107.05,EUR
SIDC_IntradayAuction3,2026-03-01,GER,2026-03-01T16:45:00Z,2026-03-01T17:00:00Z,2026-03-01T17:45:00+01:00,2026-03-01T18:00:00+01:00,112.5,EUR
SIDC_IntradayAuction3,2026-03-01,GER,2026-03-01T17:00:00Z,2026-03-01T17:15:00Z,2026-03-01T18:00:00+01:00,2026-03-01T18:15:00+01:00,112.46,EUR
SIDC_IntradayAuction3,2026-03-01,GER,2026-03-01T17:15:00Z,2026-03-01T17:30:00Z,2026-03-01T18:15:00+01:00,2026-03-01T18:30:00+01:00,112.37,EUR
SIDC_IntradayAuction3,2026-03-01,GER,2026-03-01T17:30:00Z,2026-03-01T17:45:00Z,2026-03-01T18:30:00+01:00,2026-03-01T18:45:00+01:00,112.44,EUR
SIDC_IntradayAuction3,2026-03-01,GER,2026-03-01T17:45:00Z,2026-03-01T18:00:00Z,2026-03-01T18:45:00+01:00,2026-03-01T19:00:00+01:00,108.7,EUR
SIDC_IntradayAuction3,2026-03-01,GER,2026-03-01T18:00:00Z,2026-03-01T18:15:00Z,2026-03-01T19:00:00+01:00,2026-03-01T19:15:00+01:00,110.55,EUR
SIDC_IntradayAuction3,2026-03-01,GER,2026-03-01T18:15:00Z,2026-03-01T18:30:00Z,2026-03-01T19:15:00+01:00,2026-03-01T19:30:00+01:00,107.64,EUR
SIDC_IntradayAuction3,2026-03-01,GER,2026-03-01T18:30:00Z,2026-03-01T18:45:00Z,2026-03-01T19:30:00+01:00,2026-03-01T19:45:00+01:00,103.76,EUR
SIDC_IntradayAuction3,2026-03-01,GER,2026-03-01T18:45:00Z,2026-03-01T19:00:00Z,2026-03-01T19:45:00+01:00,2026-03-01T20:00:00+01:00,98.05,EUR
SIDC_IntradayAuction3,2026-03-01,GER,2026-03-01T19:00:00Z,2026-03-01T19:15:00Z,2026-03-01T20:00:00+01:00,2026-03-01T20:15:00+01:00,101.0,EUR
SIDC_IntradayAuction3,2026-03-01,GER,2026-03-01T19:15:00Z,2026-03-01T19:30:00Z,2026-03-01T20:15:00+01:00,2026-03-01T20:30:00+01:00,97.78,EUR
SIDC_IntradayAuction3,2026-03-01,GER,2026-03-01T19:30:00Z,2026-03-01T19:45:00Z,2026-03-01T20:30:00+01:00,2026-03-01T20:45:00+01:00,92.91,EUR
SIDC_IntradayAuction3,2026-03-01,GER,2026-03-01T19:45:00Z,2026-03-01T20:00:00Z,2026-03-01T20:45:00+01:00,2026-03-01T21:00:00+01:00,83.18,EUR
SIDC_IntradayAuction3,2026-03-01,GER,2026-03-01T20:00:00Z,2026-03-01T20:15:00Z,2026-03-01T21:00:00+01:00,2026-03-01T21:15:00+01:00,89.04,EUR
SIDC_IntradayAuction3,2026-03-01,GER,2026-03-01T20:15:00Z,2026-03-01T20:30:00Z,2026-03-01T21:15:00+01:00,2026-03-01T21:30:00+01:00,83.26,EUR
SIDC_IntradayAuction3,2026-03-01,GER,2026-03-01T20:30:00Z,2026-03-01T20:45:00Z,2026-03-01T21:30:00+01:00,2026-03-01T21:45:00+01:00,80.51,EUR
SIDC_IntradayAuction3,2026-03-01,GER,2026-03-01T20:45:00Z,2026-03-01T21:00:00Z,2026-03-01T21:45:00+01:00,2026-03-01T22:00:00+01:00,75.19,EUR
SIDC_IntradayAuction3,2026-03-01,GER,2026-03-01T21:00:00Z,2026-03-01T21:15:00Z,2026-03-01T22:00:00+01:00,2026-03-01T22:15:00+01:00,85.48,EUR
SIDC_IntradayAuction3,2026-03-01,GER,2026-03-01T21:15:00Z,2026-03-01T21:30:00Z,2026-03-01T22:15:00+01:00,2026-03-01T22:30:00+01:00,79.38,EUR
SIDC_IntradayAuction3,2026-03-01,GER,2026-03-01T21:30:00Z,2026-03-01T21:45:00Z,2026-03-01T22:30:00+01:00,2026-03-01T22:45:00+01:00,75.84,EUR
SIDC_IntradayAuction3,2026-03-01,GER,2026-03-01T21:45:00Z,2026-03-01T22:00:00Z,2026-03-01T22:45:00+01:00,2026-03-01T23:00:00+01:00,71.3,EUR
SIDC_IntradayAuction3,2026-03-01,GER,2026-03-01T22:00:00Z,2026-03-01T22:15:00Z,2026-03-01T23:00:00+01:00,2026-03-01T23:15:00+01:00,75.15,EUR
SIDC_IntradayAuction3,2026-03-01,GER,2026-03-01T22:15:00Z,2026-03-01T22:30:00Z,2026-03-01T23:15:00+01:00,2026-03-01T23:30:00+01:00,73.07,EUR
SIDC_IntradayAuction3,2026-03-01,GER,2026-03-01T22:30:00Z,2026-03-01T22:45:00Z,2026-03-01T23:30:00+01:00,2026-03-01T23:45:00+01:00,68.91,EUR
SIDC_IntradayAuction3,2026-03-01,GER,2026-03-01T22:45:00Z,2026-03-01T23:00:00Z,2026-03-01T23:45:00+01:00,2026-03-02T00:00:00+01:00,60.0,EUR
SIDC_IntradayAuction3,2026-03-02,FR,2026-03-02T11:00:00Z,2026-03-02T11:15:00Z,2026-03-02T12:00:00+01:00,2026-03-02T12:15:00+01:00,-1.44,EUR
SIDC_IntradayAuction3,2026-03-02,FR,2026-03-02T11:15:00Z,2026-03-02T11:30:00Z,2026-03-02T12:15:00+01:00,2026-03-02T12:30:00+01:00,-2.1,EUR
SIDC_IntradayAuction3,2026-03-02,FR,2026-03-02T11:30:00Z,2026-03-02T11:45:00Z,2026-03-02T12:30:00+01:00,2026-03-02T12:45:00+01:00,-2.1,EUR
SIDC_IntradayAuction3,2026-03-02,FR,2026-03-02T11:45:00Z,2026-03-02T12:00:00Z,2026-03-02T12:45:00+01:00,2026-03-02T13:00:00+01:00,-6.0,EUR
SIDC_IntradayAuction3,2026-03-02,FR,2026-03-02T12:00:00Z,2026-03-02T12:15:00Z,2026-03-02T13:00:00+01:00,2026-03-02T13:15:00+01:00,-3.0,EUR
SIDC_IntradayAuction3,2026-03-02,FR,2026-03-02T12:15:00Z,2026-03-02T12:30:00Z,2026-03-02T13:15:00+01:00,2026-03-02T13:30:00+01:00,-3.78,EUR
SIDC_IntradayAuction3,2026-03-02,FR,2026-03-02T12:30:00Z,2026-03-02T12:45:00Z,2026-03-02T13:30:00+01:00,2026-03-02T13:45:00+01:00,-6.0,EUR
SIDC_IntradayAuction3,2026-03-02,FR,2026-03-02T12:45:00Z,2026-03-02T13:00:00Z,2026-03-02T13:45:00+01:00,2026-03-02T14:00:00+01:00,-6.0,EUR
SIDC_IntradayAuction3,2026-03-02,FR,2026-03-02T13:00:00Z,2026-03-02T13:15:00Z,2026-03-02T14:00:00+01:00,2026-03-02T14:15:00+01:00,-2.0,EUR
SIDC_IntradayAuction3,2026-03-02,FR,2026-03-02T13:15:00Z,2026-03-02T13:30:00Z,2026-03-02T14:15:00+01:00,2026-03-02T14:30:00+01:00,-0.81,EUR
SIDC_IntradayAuction3,2026-03-02,FR,2026-03-02T13:30:00Z,2026-03-02T13:45:00Z,2026-03-02T14:30:00+01:00,2026-03-02T14:45:00+01:00,-0.8,EUR
SIDC_IntradayAuction3,2026-03-02,FR,2026-03-02T13:45:00Z,2026-03-02T14:00:00Z,2026-03-02T14:45:00+01:00,2026-03-02T15:00:00+01:00,-0.3,EUR
SIDC_IntradayAuction3,2026-03-02,FR,2026-03-02T14:00:00Z,2026-03-02T14:15:00Z,2026-03-02T15:00:00+01:00,2026-03-02T15:15:00+01:00,-2.1,EUR
SIDC_IntradayAuction3,2026-03-02,FR,2026-03-02T14:15:00Z,2026-03-02T14:30:00Z,2026-03-02T15:15:00+01:00,2026-03-02T15:30:00+01:00,-0.8,EUR
SIDC_IntradayAuction3,2026-03-02,FR,2026-03-02T14:30:00Z,2026-03-02T14:45:00Z,2026-03-02T15:30:00+01:00,2026-03-02T15:45:00+01:00,17.54,EUR
SIDC_IntradayAuction3,2026-03-02,FR,2026-03-02T14:45:00Z,2026-03-02T15:00:00Z,2026-03-02T15:45:00+01:00,2026-03-02T16:00:00+01:00,10.09,EUR
SIDC_IntradayAuction3,2026-03-02,FR,2026-03-02T15:00:00Z,2026-03-02T15:15:00Z,2026-03-02T16:00:00+01:00,2026-03-02T16:15:00+01:00,1.04,EUR
SIDC_IntradayAuction3,2026-03-02,FR,2026-03-02T15:15:00Z,2026-03-02T15:30:00Z,2026-03-02T16:15:00+01:00,2026-03-02T16:30:00+01:00,21.3,EUR
SIDC_IntradayAuction3,2026-03-02,FR,2026-03-02T15:30:00Z,2026-03-02T15:45:00Z,2026-03-02T16:30:00+01:00,2026-03-02T16:45:00+01:00,36.2,EUR
SIDC_IntradayAuction3,2026-03-02,FR,2026-03-02T15:45:00Z,2026-03-02T16:00:00Z,2026-03-02T16:45:00+01:00,2026-03-02T17:00:00+01:00,37.46,EUR
SIDC_IntradayAuction3,2026-03-02,FR,2026-03-02T16:00:00Z,2026-03-02T16:15:00Z,2026-03-02T17:00:00+01:00,2026-03-02T17:15:00+01:00,42.55,EUR
SIDC_IntradayAuction3,2026-03-02,FR,2026-03-02T16:15:00Z,2026-03-02T16:30:00Z,2026-03-02T17:15:00+01:00,2026-03-02T17:30:00+01:00,57.16,EUR
SIDC_IntradayAuction3,2026-03-02,FR,2026-03-02T16:30:00Z,2026-03-02T16:45:00Z,2026-03-02T17:30:00+01:00,2026-03-02T17:45:00+01:00,67.3,EUR
SIDC_IntradayAuction3,2026-03-02,FR,2026-03-02T16:45:00Z,2026-03-02T17:00:00Z,2026-03-02T17:45:00+01:00,2026-03-02T18:00:00+01:00,85.0,EUR
SIDC_IntradayAuction3,2026-03-02,FR,2026-03-02T17:00:00Z,2026-03-02T17:15:00Z,2026-03-02T18:00:00+01:00,2026-03-02T18:15:00+01:00,93.16,EUR
SIDC_IntradayAuction3,2026-03-02,FR,2026-03-02T17:15:00Z,2026-03-02T17:30:00Z,2026-03-02T18:15:00+01:00,2026-03-02T18:30:00+01:00,80.45,EUR
SIDC_IntradayAuction3,2026-03-02,FR,2026-03-02T17:30:00Z,2026-03-02T17:45:00Z,2026-03-02T18:30:00+01:00,2026-03-02T18:45:00+01:00,128.16,EUR
SIDC_IntradayAuction3,2026-03-02,FR,2026-03-02T17:45:00Z,2026-03-02T18:00:00Z,2026-03-02T18:45:00+01:00,2026-03-02T19:00:00+01:00,175.56,EUR
SIDC_IntradayAuction3,2026-03-02,FR,2026-03-02T18:00:00Z,2026-03-02T18:15:00Z,2026-03-02T19:00:00+01:00,2026-03-02T19:15:00+01:00,175.03,EUR
SIDC_IntradayAuction3,2026-03-02,FR,2026-03-02T18:15:00Z,2026-03-02T18:30:00Z,2026-03-02T19:15:00+01:00,2026-03-02T19:30:00+01:00,143.78,EUR
SIDC_IntradayAuction3,2026-03-02,FR,2026-03-02T18:30:00Z,2026-03-02T18:45:00Z,2026-03-02T19:30:00+01:00,2026-03-02T19:45:00+01:00,124.3,EUR
SIDC_IntradayAuction3,2026-03-02,FR,2026-03-02T18:45:00Z,2026-03-02T19:00:00Z,2026-03-02T19:45:00+01:00,2026-03-02T20:00:00+01:00,94.59,EUR
SIDC_IntradayAuction3,2026-03-02,FR,2026-03-02T19:00:00Z,2026-03-02T19:15:00Z,2026-03-02T20:00:00+01:00,2026-03-02T20:15:00+01:00,101.51,EUR
SIDC_IntradayAuction3,2026-03-02,FR,2026-03-02T19:15:00Z,2026-03-02T19:30:00Z,2026-03-02T20:15:00+01:00,2026-03-02T20:30:00+01:00,102.11,EUR
SIDC_IntradayAuction3,2026-03-02,FR,2026-03-02T19:30:00Z,2026-03-02T19:45:00Z,2026-03-02T20:30:00+01:00,2026-03-02T20:45:00+01:00,92.88,EUR
SIDC_IntradayAuction3,2026-03-02,FR,2026-03-02T19:45:00Z,2026-03-02T20:00:00Z,2026-03-02T20:45:00+01:00,2026-03-02T21:00:00+01:00,79.5,EUR
SIDC_IntradayAuction3,2026-03-02,FR,2026-03-02T20:00:00Z,2026-03-02T20:15:00Z,2026-03-02T21:00:00+01:00,2026-03-02T21:15:00+01:00,85.53,EUR
SIDC_IntradayAuction3,2026-03-02,FR,2026-03-02T20:15:00Z,2026-03-02T20:30:00Z,2026-03-02T21:15:00+01:00,2026-03-02T21:30:00+01:00,70.66,EUR
SIDC_IntradayAuction3,2026-03-02,FR,2026-03-02T20:30:00Z,2026-03-02T20:45:00Z,2026-03-02T21:30:00+01:00,2026-03-02T21:45:00+01:00,70.0,EUR
SIDC_IntradayAuction3,2026-03-02,FR,2026-03-02T20:45:00Z,2026-03-02T21:00:00Z,2026-03-02T21:45:00+01:00,2026-03-02T22:00:00+01:00,42.1,EUR
SIDC_IntradayAuction3,2026-03-02,FR,2026-03-02T21:00:00Z,2026-03-02T21:15:00Z,2026-03-02T22:00:00+01:00,2026-03-02T22:15:00+01:00,59.54,EUR
SIDC_IntradayAuction3,2026-03-02,FR,2026-03-02T21:15:00Z,2026-03-02T21:30:00Z,2026-03-02T22:15:00+01:00,2026-03-02T22:30:00+01:00,55.48,EUR
SIDC_IntradayAuction3,2026-03-02,FR,2026-03-02T21:30:00Z,2026-03-02T21:45:00Z,2026-03-02T22:30:00+01:00,2026-03-02T22:45:00+01:00,79.36,EUR
SIDC_IntradayAuction3,2026-03-02,FR,2026-03-02T21:45:00Z,2026-03-02T22:00:00Z,2026-03-02T22:45:00+01:00,2026-03-02T23:00:00+01:00,74.42,EUR
SIDC_IntradayAuction3,2026-03-02,FR,2026-03-02T22:00:00Z,2026-03-02T22:15:00Z,2026-03-02T23:00:00+01:00,2026-03-02T23:15:00+01:00,74.89,EUR
SIDC_IntradayAuction3,2026-03-02,FR,2026-03-02T22:15:00Z,2026-03-02T22:30:00Z,2026-03-02T23:15:00+01:00,2026-03-02T23:30:00+01:00,67.7,EUR
SIDC_IntradayAuction3,2026-03-02,FR,2026-03-02T22:30:00Z,2026-03-02T22:45:00Z,2026-03-02T23:30:00+01:00,2026-03-02T23:45:00+01:00,81.42,EUR
SIDC_IntradayAuction3,2026-03-02,FR,2026-03-02T22:45:00Z,2026-03-02T23:00:00Z,2026-03-02T23:45:00+01:00,2026-03-03T00:00:00+01:00,54.4,EUR
SIDC_IntradayAuction3,2026-03-02,GER,2026-03-02T11:00:00Z,2026-03-02T11:15:00Z,2026-03-02T12:00:00+01:00,2026-03-02T12:15:00+01:00,24.52,EUR
SIDC_IntradayAuction3,2026-03-02,GER,2026-03-02T11:15:00Z,2026-03-02T11:30:00Z,2026-03-02T12:15:00+01:00,2026-03-02T12:30:00+01:00,16.9,EUR
SIDC_IntradayAuction3,2026-03-02,GER,2026-03-02T11:30:00Z,2026-03-02T11:45:00Z,2026-03-02T12:30:00+01:00,2026-03-02T12:45:00+01:00,10.59,EUR
SIDC_IntradayAuction3,2026-03-02,GER,2026-03-02T11:45:00Z,2026-03-02T12:00:00Z,2026-03-02T12:45:00+01:00,2026-03-02T13:00:00+01:00,8.79,EUR
SIDC_IntradayAuction3,2026-03-02,GER,2026-03-02T12:00:00Z,2026-03-02T12:15:00Z,2026-03-02T13:00:00+01:00,2026-03-02T13:15:00+01:00,13.01,EUR
SIDC_IntradayAuction3,2026-03-02,GER,2026-03-02T12:15:00Z,2026-03-02T12:30:00Z,2026-03-02T13:15:00+01:00,2026-03-02T13:30:00+01:00,17.27,EUR
SIDC_IntradayAuction3,2026-03-02,GER,2026-03-02T12:30:00Z,2026-03-02T12:45:00Z,2026-03-02T13:30:00+01:00,2026-03-02T13:45:00+01:00,24.09,EUR
SIDC_IntradayAuction3,2026-03-02,GER,2026-03-02T12:45:00Z,2026-03-02T13:00:00Z,2026-03-02T13:45:00+01:00,2026-03-02T14:00:00+01:00,41.0,EUR
SIDC_IntradayAuction3,2026-03-02,GER,2026-03-02T13:00:00Z,2026-03-02T13:15:00Z,2026-03-02T14:00:00+01:00,2026-03-02T14:15:00+01:00,19.99,EUR
SIDC_IntradayAuction3,2026-03-02,GER,2026-03-02T13:15:00Z,2026-03-02T13:30:00Z,2026-03-02T14:15:00+01:00,2026-03-02T14:30:00+01:00,46.72,EUR
SIDC_IntradayAuction3,2026-03-02,GER,2026-03-02T13:30:00Z,2026-03-02T13:45:00Z,2026-03-02T14:30:00+01:00,2026-03-02T14:45:00+01:00,61.15,EUR
SIDC_IntradayAuction3,2026-03-02,GER,2026-03-02T13:45:00Z,2026-03-02T14:00:00Z,2026-03-02T14:45:00+01:00,2026-03-02T15:00:00+01:00,71.65,EUR
SIDC_IntradayAuction3,2026-03-02,GER,2026-03-02T14:00:00Z,2026-03-02T14:15:00Z,2026-03-02T15:00:00+01:00,2026-03-02T15:15:00+01:00,58.05,EUR
SIDC_IntradayAuction3,2026-03-02,GER,2026-03-02T14:15:00Z,2026-03-02T14:30:00Z,2026-03-02T15:15:00+01:00,2026-03-02T15:30:00+01:00,69.07,EUR
SIDC_IntradayAuction3,2026-03-02,GER,2026-03-02T14:30:00Z,2026-03-02T14:45:00Z,2026-03-02T15:30:00+01:00,2026-03-02T15:45:00+01:00,82.49,EUR
SIDC_IntradayAuction3,2026-03-02,GER,2026-03-02T14:45:00Z,2026-03-02T15:00:00Z,2026-03-02T15:45:00+01:00,2026-03-02T16:00:00+01:00,95.48,EUR
SIDC_IntradayAuction3,2026-03-02,GER,2026-03-02T15:00:00Z,2026-03-02T15:15:00Z,2026-03-02T16:00:00+01:00,2026-03-02T16:15:00+01:00,79.85,EUR
SIDC_IntradayAuction3,2026-03-02,GER,2026-03-02T15:15:00Z,2026-03-02T15:30:00Z,2026-03-02T16:15:00+01:00,2026-03-02T16:30:00+01:00,96.02,EUR
SIDC_IntradayAuction3,2026-03-02,GER,2026-03-02T15:30:00Z,2026-03-02T15:45:00Z,2026-03-02T16:30:00+01:00,2026-03-02T16:45:00+01:00,109.18,EUR
SIDC_IntradayAuction3,2026-03-02,GER,2026-03-02T15:45:00Z,2026-03-02T16:00:00Z,2026-03-02T16:45:00+01:00,2026-03-02T17:00:00+01:00,132.54,EUR
SIDC_IntradayAuction3,2026-03-02,GER,2026-03-02T16:00:00Z,2026-03-02T16:15:00Z,2026-03-02T17:00:00+01:00,2026-03-02T17:15:00+01:00,106.77,EUR
SIDC_IntradayAuction3,2026-03-02,GER,2026-03-02T16:15:00Z,2026-03-02T16:30:00Z,2026-03-02T17:15:00+01:00,2026-03-02T17:30:00+01:00,121.33,EUR
SIDC_IntradayAuction3,2026-03-02,GER,2026-03-02T16:30:00Z,2026-03-02T16:45:00Z,2026-03-02T17:30:00+01:00,2026-03-02T17:45:00+01:00,160.0,EUR
SIDC_IntradayAuction3,2026-03-02,GER,2026-03-02T16:45:00Z,2026-03-02T17:00:00Z,2026-03-02T17:45:00+01:00,2026-03-02T18:00:00+01:00,259.97,EUR
SIDC_IntradayAuction3,2026-03-02,GER,2026-03-02T17:00:00Z,2026-03-02T17:15:00Z,2026-03-02T18:00:00+01:00,2026-03-02T18:15:00+01:00,210.35,EUR
SIDC_IntradayAuction3,2026-03-02,GER,2026-03-02T17:15:00Z,2026-03-02T17:30:00Z,2026-03-02T18:15:00+01:00,2026-03-02T18:30:00+01:00,195.38,EUR
SIDC_IntradayAuction3,2026-03-02,GER,2026-03-02T17:30:00Z,2026-03-02T17:45:00Z,2026-03-02T18:30:00+01:00,2026-03-02T18:45:00+01:00,171.18,EUR
SIDC_IntradayAuction3,2026-03-02,GER,2026-03-02T17:45:00Z,2026-03-02T18:00:00Z,2026-03-02T18:45:00+01:00,2026-03-02T19:00:00+01:00,175.56,EUR
SIDC_IntradayAuction3,2026-03-02,GER,2026-03-02T18:00:00Z,2026-03-02T18:15:00Z,2026-03-02T19:00:00+01:00,2026-03-02T19:15:00+01:00,175.03,EUR
SIDC_IntradayAuction3,2026-03-02,GER,2026-03-02T18:15:00Z,2026-03-02T18:30:00Z,2026-03-02T19:15:00+01:00,2026-03-02T19:30:00+01:00,143.78,EUR
SIDC_IntradayAuction3,2026-03-02,GER,2026-03-02T18:30:00Z,2026-03-02T18:45:00Z,2026-03-02T19:30:00+01:00,2026-03-02T19:45:00+01:00,136.0,EUR
SIDC_IntradayAuction3,2026-03-02,GER,2026-03-02T18:45:00Z,2026-03-02T19:00:00Z,2026-03-02T19:45:00+01:00,2026-03-02T20:00:00+01:00,119.95,EUR
SIDC_IntradayAuction3,2026-03-02,GER,2026-03-02T19:00:00Z,2026-03-02T19:15:00Z,2026-03-02T20:00:00+01:00,2026-03-02T20:15:00+01:00,121.75,EUR
SIDC_IntradayAuction3,2026-03-02,GER,2026-03-02T19:15:00Z,2026-03-02T19:30:00Z,2026-03-02T20:15:00+01:00,2026-03-02T20:30:00+01:00,104.17,EUR
SIDC_IntradayAuction3,2026-03-02,GER,2026-03-02T19:30:00Z,2026-03-02T19:45:00Z,2026-03-02T20:30:00+01:00,2026-03-02T20:45:00+01:00,98.0,EUR
SIDC_IntradayAuction3,2026-03-02,GER,2026-03-02T19:45:00Z,2026-03-02T20:00:00Z,2026-03-02T20:45:00+01:00,2026-03-02T21:00:00+01:00,96.79,EUR
SIDC_IntradayAuction3,2026-03-02,GER,2026-03-02T20:00:00Z,2026-03-02T20:15:00Z,2026-03-02T21:00:00+01:00,2026-03-02T21:15:00+01:00,101.77,EUR
SIDC_IntradayAuction3,2026-03-02,GER,2026-03-02T20:15:00Z,2026-03-02T20:30:00Z,2026-03-02T21:15:00+01:00,2026-03-02T21:30:00+01:00,97.15,EUR
SIDC_IntradayAuction3,2026-03-02,GER,2026-03-02T20:30:00Z,2026-03-02T20:45:00Z,2026-03-02T21:30:00+01:00,2026-03-02T21:45:00+01:00,94.78,EUR
SIDC_IntradayAuction3,2026-03-02,GER,2026-03-02T20:45:00Z,2026-03-02T21:00:00Z,2026-03-02T21:45:00+01:00,2026-03-02T22:00:00+01:00,90.04,EUR
SIDC_IntradayAuction3,2026-03-02,GER,2026-03-02T21:00:00Z,2026-03-02T21:15:00Z,2026-03-02T22:00:00+01:00,2026-03-02T22:15:00+01:00,104.7,EUR
SIDC_IntradayAuction3,2026-03-02,GER,2026-03-02T21:15:00Z,2026-03-02T21:30:00Z,2026-03-02T22:15:00+01:00,2026-03-02T22:30:00+01:00,98.08,EUR
SIDC_IntradayAuction3,2026-03-02,GER,2026-03-02T21:30:00Z,2026-03-02T21:45:00Z,2026-03-02T22:30:00+01:00,2026-03-02T22:45:00+01:00,93.01,EUR
SIDC_IntradayAuction3,2026-03-02,GER,2026-03-02T21:45:00Z,2026-03-02T22:00:00Z,2026-03-02T22:45:00+01:00,2026-03-02T23:00:00+01:00,88.01,EUR
SIDC_IntradayAuction3,2026-03-02,GER,2026-03-02T22:00:00Z,2026-03-02T22:15:00Z,2026-03-02T23:00:00+01:00,2026-03-02T23:15:00+01:00,94.67,EUR
SIDC_IntradayAuction3,2026-03-02,GER,2026-03-02T22:15:00Z,2026-03-02T22:30:00Z,2026-03-02T23:15:00+01:00,2026-03-02T23:30:00+01:00,93.11,EUR
SIDC_IntradayAuction3,2026-03-02,GER,2026-03-02T22:30:00Z,2026-03-02T22:45:00Z,2026-03-02T23:30:00+01:00,2026-03-02T23:45:00+01:00,90.74,EUR
SIDC_IntradayAuction3,2026-03-02,GER,2026-03-02T22:45:00Z,2026-03-02T23:00:00Z,2026-03-02T23:45:00+01:00,2026-03-03T00:00:00+01:00,82.65,EUR
SIDC_IntradayAuction3,2026-03-03,FR,2026-03-03T11:00:00Z,2026-03-03T11:15:00Z,2026-03-03T12:00:00+01:00,2026-03-03T12:15:00+01:00,46.1,EUR
SIDC_IntradayAuction3,2026-03-03,FR,2026-03-03T11:15:00Z,2026-03-03T11:30:00Z,2026-03-03T12:15:00+01:00,2026-03-03T12:30:00+01:00,37.37,EUR
SIDC_IntradayAuction3,2026-03-03,FR,2026-03-03T11:30:00Z,2026-03-03T11:45:00Z,2026-03-03T12:30:00+01:00,2026-03-03T12:45:00+01:00,47.13,EUR
SIDC_IntradayAuction3,2026-03-03,FR,2026-03-03T11:45:00Z,2026-03-03T12:00:00Z,2026-03-03T12:45:00+01:00,2026-03-03T13:00:00+01:00,7.4,EUR
SIDC_IntradayAuction3,2026-03-03,FR,2026-03-03T12:00:00Z,2026-03-03T12:15:00Z,2026-03-03T13:00:00+01:00,2026-03-03T13:15:00+01:00,25.49,EUR
SIDC_IntradayAuction3,2026-03-03,FR,2026-03-03T12:15:00Z,2026-03-03T12:30:00Z,2026-03-03T13:15:00+01:00,2026-03-03T13:30:00+01:00,27.43,EUR
SIDC_IntradayAuction3,2026-03-03,FR,2026-03-03T12:30:00Z,2026-03-03T12:45:00Z,2026-03-03T13:30:00+01:00,2026-03-03T13:45:00+01:00,0.51,EUR
SIDC_IntradayAuction3,2026-03-03,FR,2026-03-03T12:45:00Z,2026-03-03T13:00:00Z,2026-03-03T13:45:00+01:00,2026-03-03T14:00:00+01:00,0.0,EUR
SIDC_IntradayAuction3,2026-03-03,FR,2026-03-03T13:00:00Z,2026-03-03T13:15:00Z,2026-03-03T14:00:00+01:00,2026-03-03T14:15:00+01:00,5.81,EUR
SIDC_IntradayAuction3,2026-03-03,FR,2026-03-03T13:15:00Z,2026-03-03T13:30:00Z,2026-03-03T14:15:00+01:00,2026-03-03T14:30:00+01:00,28.38,EUR
SIDC_IntradayAuction3,2026-03-03,FR,2026-03-03T13:30:00Z,2026-03-03T13:45:00Z,2026-03-03T14:30:00+01:00,2026-03-03T14:45:00+01:00,30.31,EUR
SIDC_IntradayAuction3,2026-03-03,FR,2026-03-03T13:45:00Z,2026-03-03T14:00:00Z,2026-03-03T14:45:00+01:00,2026-03-03T15:00:00+01:00,36.31,EUR
SIDC_IntradayAuction3,2026-03-03,FR,2026-03-03T14:00:00Z,2026-03-03T14:15:00Z,2026-03-03T15:00:00+01:00,2026-03-03T15:15:00+01:00,23.27,EUR
SIDC_IntradayAuction3,2026-03-03,FR,2026-03-03T14:15:00Z,2026-03-03T14:30:00Z,2026-03-03T15:15:00+01:00,2026-03-03T15:30:00+01:00,36.84,EUR
SIDC_IntradayAuction3,2026-03-03,FR,2026-03-03T14:30:00Z,2026-03-03T14:45:00Z,2026-03-03T15:30:00+01:00,2026-03-03T15:45:00+01:00,30.08,EUR
SIDC_IntradayAuction3,2026-03-03,FR,2026-03-03T14:45:00Z,2026-03-03T15:00:00Z,2026-03-03T15:45:00+01:00,2026-03-03T16:00:00+01:00,46.98,EUR
SIDC_IntradayAuction3,2026-03-03,FR,2026-03-03T15:00:00Z,2026-03-03T15:15:00Z,2026-03-03T16:00:00+01:00,2026-03-03T16:15:00+01:00,37.26,EUR
SIDC_IntradayAuction3,2026-03-03,FR,2026-03-03T15:15:00Z,2026-03-03T15:30:00Z,2026-03-03T16:15:00+01:00,2026-03-03T16:30:00+01:00,60.68,EUR
SIDC_IntradayAuction3,2026-03-03,FR,2026-03-03T15:30:00Z,2026-03-03T15:45:00Z,2026-03-03T16:30:00+01:00,2026-03-03T16:45:00+01:00,38.12,EUR
SIDC_IntradayAuction3,2026-03-03,FR,2026-03-03T15:45:00Z,2026-03-03T16:00:00Z,2026-03-03T16:45:00+01:00,2026-03-03T17:00:00+01:00,36.92,EUR
SIDC_IntradayAuction3,2026-03-03,FR,2026-03-03T16:00:00Z,2026-03-03T16:15:00Z,2026-03-03T17:00:00+01:00,2026-03-03T17:15:00+01:00,48.02,EUR
SIDC_IntradayAuction3,2026-03-03,FR,2026-03-03T16:15:00Z,2026-03-03T16:30:00Z,2026-03-03T17:15:00+01:00,2026-03-03T17:30:00+01:00,73.26,EUR
SIDC_IntradayAuction3,2026-03-03,FR,2026-03-03T16:30:00Z,2026-03-03T16:45:00Z,2026-03-03T17:30:00+01:00,2026-03-03T17:45:00+01:00,61.44,EUR
SIDC_IntradayAuction3,2026-03-03,FR,2026-03-03T16:45:00Z,2026-03-03T17:00:00Z,2026-03-03T17:45:00+01:00,2026-03-03T18:00:00+01:00,89.12,EUR
SIDC_IntradayAuction3,2026-03-03,FR,2026-03-03T17:00:00Z,2026-03-03T17:15:00Z,2026-03-03T18:00:00+01:00,2026-03-03T18:15:00+01:00,50.71,EUR
SIDC_IntradayAuction3,2026-03-03,FR,2026-03-03T17:15:00Z,2026-03-03T17:30:00Z,2026-03-03T18:15:00+01:00,2026-03-03T18:30:00+01:00,74.82,EUR
SIDC_IntradayAuction3,2026-03-03,FR,2026-03-03T17:30:00Z,2026-03-03T17:45:00Z,2026-03-03T18:30:00+01:00,2026-03-03T18:45:00+01:00,137.48,EUR
SIDC_IntradayAuction3,2026-03-03,FR,2026-03-03T17:45:00Z,2026-03-03T18:00:00Z,2026-03-03T18:45:00+01:00,2026-03-03T19:00:00+01:00,184.99,EUR
SIDC_IntradayAuction3,2026-03-03,FR,2026-03-03T18:00:00Z,2026-03-03T18:15:00Z,2026-03-03T19:00:00+01:00,2026-03-03T19:15:00+01:00,221.14,EUR
SIDC_IntradayAuction3,2026-03-03,FR,2026-03-03T18:15:00Z,2026-03-03T18:30:00Z,2026-03-03T19:15:00+01:00,2026-03-03T19:30:00+01:00,219.25,EUR
SIDC_IntradayAuction3,2026-03-03,FR,2026-03-03T18:30:00Z,2026-03-03T18:45:00Z,2026-03-03T19:30:00+01:00,2026-03-03T19:45:00+01:00,143.89,EUR
SIDC_IntradayAuction3,2026-03-03,FR,2026-03-03T18:45:00Z,2026-03-03T19:00:00Z,2026-03-03T19:45:00+01:00,2026-03-03T20:00:00+01:00,135.72,EUR
SIDC_IntradayAuction3,2026-03-03,FR,2026-03-03T19:00:00Z,2026-03-03T19:15:00Z,2026-03-03T20:00:00+01:00,2026-03-03T20:15:00+01:00,139.15,EUR
SIDC_IntradayAuction3,2026-03-03,FR,2026-03-03T19:15:00Z,2026-03-03T19:30:00Z,2026-03-03T20:15:00+01:00,2026-03-03T20:30:00+01:00,130.27,EUR
SIDC_IntradayAuction3,2026-03-03,FR,2026-03-03T19:30:00Z,2026-03-03T19:45:00Z,2026-03-03T20:30:00+01:00,2026-03-03T20:45:00+01:00,116.49,EUR
SIDC_IntradayAuction3,2026-03-03,FR,2026-03-03T19:45:00Z,2026-03-03T20:00:00Z,2026-03-03T20:45:00+01:00,2026-03-03T21:00:00+01:00,110.09,EUR
SIDC_IntradayAuction3,2026-03-03,FR,2026-03-03T20:00:00Z,2026-03-03T20:15:00Z,2026-03-03T21:00:00+01:00,2026-03-03T21:15:00+01:00,114.17,EUR
SIDC_IntradayAuction3,2026-03-03,FR,2026-03-03T20:15:00Z,2026-03-03T20:30:00Z,2026-03-03T21:15:00+01:00,2026-03-03T21:30:00+01:00,109.73,EUR
SIDC_IntradayAuction3,2026-03-03,FR,2026-03-03T20:30:00Z,2026-03-03T20:45:00Z,2026-03-03T21:30:00+01:00,2026-03-03T21:45:00+01:00,95.91,EUR
SIDC_IntradayAuction3,2026-03-03,FR,2026-03-03T20:45:00Z,2026-03-03T21:00:00Z,2026-03-03T21:45:00+01:00,2026-03-03T22:00:00+01:00,70.11,EUR
SIDC_IntradayAuction3,2026-03-03,FR,2026-03-03T21:00:00Z,2026-03-03T21:15:00Z,2026-03-03T22:00:00+01:00,2026-03-03T22:15:00+01:00,97.4,EUR
SIDC_IntradayAuction3,2026-03-03,FR,2026-03-03T21:15:00Z,2026-03-03T21:30:00Z,2026-03-03T22:15:00+01:00,2026-03-03T22:30:00+01:00,70.78,EUR
SIDC_IntradayAuction3,2026-03-03,FR,2026-03-03T21:30:00Z,2026-03-03T21:45:00Z,2026-03-03T22:30:00+01:00,2026-03-03T22:45:00+01:00,100.61,EUR
SIDC_IntradayAuction3,2026-03-03,FR,2026-03-03T21:45:00Z,2026-03-03T22:00:00Z,2026-03-03T22:45:00+01:00,2026-03-03T23:00:00+01:00,60.09,EUR
SIDC_IntradayAuction3,2026-03-03,FR,2026-03-03T22:00:00Z,2026-03-03T22:15:00Z,2026-03-03T23:00:00+01:00,2026-03-03T23:15:00+01:00,67.5,EUR
SIDC_IntradayAuction3,2026-03-03,FR,2026-03-03T22:15:00Z,2026-03-03T22:30:00Z,2026-03-03T23:15:00+01:00,2026-03-03T23:30:00+01:00,55.51,EUR
SIDC_IntradayAuction3,2026-03-03,FR,2026-03-03T22:30:00Z,2026-03-03T22:45:00Z,2026-03-03T23:30:00+01:00,2026-03-03T23:45:00+01:00,89.11,EUR
SIDC_IntradayAuction3,2026-03-03,FR,2026-03-03T22:45:00Z,2026-03-03T23:00:00Z,2026-03-03T23:45:00+01:00,2026-03-04T00:00:00+01:00,56.55,EUR
SIDC_IntradayAuction3,2026-03-03,GER,2026-03-03T11:00:00Z,2026-03-03T11:15:00Z,2026-03-03T12:00:00+01:00,2026-03-03T12:15:00+01:00,50.08,EUR
SIDC_IntradayAuction3,2026-03-03,GER,2026-03-03T11:15:00Z,2026-03-03T11:30:00Z,2026-03-03T12:15:00+01:00,2026-03-03T12:30:00+01:00,34.21,EUR
SIDC_IntradayAuction3,2026-03-03,GER,2026-03-03T11:30:00Z,2026-03-03T11:45:00Z,2026-03-03T12:30:00+01:00,2026-03-03T12:45:00+01:00,26.48,EUR
SIDC_IntradayAuction3,2026-03-03,GER,2026-03-03T11:45:00Z,2026-03-03T12:00:00Z,2026-03-03T12:45:00+01:00,2026-03-03T13:00:00+01:00,21.24,EUR
SIDC_IntradayAuction3,2026-03-03,GER,2026-03-03T12:00:00Z,2026-03-03T12:15:00Z,2026-03-03T13:00:00+01:00,2026-03-03T13:15:00+01:00,20.05,EUR
SIDC_IntradayAuction3,2026-03-03,GER,2026-03-03T12:15:00Z,2026-03-03T12:30:00Z,2026-03-03T13:15:00+01:00,2026-03-03T13:30:00+01:00,19.66,EUR
SIDC_IntradayAuction3,2026-03-03,GER,2026-03-03T12:30:00Z,2026-03-03T12:45:00Z,2026-03-03T13:30:00+01:00,2026-03-03T13:45:00+01:00,30.9,EUR
SIDC_IntradayAuction3,2026-03-03,GER,2026-03-03T12:45:00Z,2026-03-03T13:00:00Z,2026-03-03T13:45:00+01:00,2026-03-03T14:00:00+01:00,44.99,EUR
SIDC_IntradayAuction3,2026-03-03,GER,2026-03-03T13:00:00Z,2026-03-03T13:15:00Z,2026-03-03T14:00:00+01:00,2026-03-03T14:15:00+01:00,26.8,EUR
SIDC_IntradayAuction3,2026-03-03,GER,2026-03-03T13:15:00Z,2026-03-03T13:30:00Z,2026-03-03T14:15:00+01:00,2026-03-03T14:30:00+01:00,44.09,EUR
SIDC_IntradayAuction3,2026-03-03,GER,2026-03-03T13:30:00Z,2026-03-03T13:45:00Z,2026-03-03T14:30:00+01:00,2026-03-03T14:45:00+01:00,68.44,EUR
SIDC_IntradayAuction3,2026-03-03,GER,2026-03-03T13:45:00Z,2026-03-03T14:00:00Z,2026-03-03T14:45:00+01:00,2026-03-03T15:00:00+01:00,79.58,EUR
SIDC_IntradayAuction3,2026-03-03,GER,2026-03-03T14:00:00Z,2026-03-03T14:15:00Z,2026-03-03T15:00:00+01:00,2026-03-03T15:15:00+01:00,60.77,EUR
SIDC_IntradayAuction3,2026-03-03,GER,2026-03-03T14:15:00Z,2026-03-03T14:30:00Z,2026-03-03T15:15:00+01:00,2026-03-03T15:30:00+01:00,80.77,EUR
SIDC_IntradayAuction3,2026-03-03,GER,2026-03-03T14:30:00Z,2026-03-03T14:45:00Z,2026-03-03T15:30:00+01:00,2026-03-03T15:45:00+01:00,90.45,EUR
SIDC_IntradayAuction3,2026-03-03,GER,2026-03-03T14:45:00Z,2026-03-03T15:00:00Z,2026-03-03T15:45:00+01:00,2026-03-03T16:00:00+01:00,108.01,EUR
SIDC_IntradayAuction3,2026-03-03,GER,2026-03-03T15:00:00Z,2026-03-03T15:15:00Z,2026-03-03T16:00:00+01:00,2026-03-03T16:15:00+01:00,94.06,EUR
SIDC_IntradayAuction3,2026-03-03,GER,2026-03-03T15:15:00Z,2026-03-03T15:30:00Z,2026-03-03T16:15:00+01:00,2026-03-03T16:30:00+01:00,108.33,EUR
SIDC_IntradayAuction3,2026-03-03,GER,2026-03-03T15:30:00Z,2026-03-03T15:45:00Z,2026-03-03T16:30:00+01:00,2026-03-03T16:45:00+01:00,121.36,EUR
SIDC_IntradayAuction3,2026-03-03,GER,2026-03-03T15:45:00Z,2026-03-03T16:00:00Z,2026-03-03T16:45:00+01:00,2026-03-03T17:00:00+01:00,150.25,EUR
SIDC_IntradayAuction3,2026-03-03,GER,2026-03-03T16:00:00Z,2026-03-03T16:15:00Z,2026-03-03T17:00:00+01:00,2026-03-03T17:15:00+01:00,125.86,EUR
SIDC_IntradayAuction3,2026-03-03,GER,2026-03-03T16:15:00Z,2026-03-03T16:30:00Z,2026-03-03T17:15:00+01:00,2026-03-03T17:30:00+01:00,144.88,EUR
SIDC_IntradayAuction3,2026-03-03,GER,2026-03-03T16:30:00Z,2026-03-03T16:45:00Z,2026-03-03T17:30:00+01:00,2026-03-03T17:45:00+01:00,210.12,EUR
SIDC_IntradayAuction3,2026-03-03,GER,2026-03-03T16:45:00Z,2026-03-03T17:00:00Z,2026-03-03T17:45:00+01:00,2026-03-03T18:00:00+01:00,319.14,EUR
SIDC_IntradayAuction3,2026-03-03,GER,2026-03-03T17:00:00Z,2026-03-03T17:15:00Z,2026-03-03T18:00:00+01:00,2026-03-03T18:15:00+01:00,236.98,EUR
SIDC_IntradayAuction3,2026-03-03,GER,2026-03-03T17:15:00Z,2026-03-03T17:30:00Z,2026-03-03T18:15:00+01:00,2026-03-03T18:30:00+01:00,248.55,EUR
SIDC_IntradayAuction3,2026-03-03,GER,2026-03-03T17:30:00Z,2026-03-03T17:45:00Z,2026-03-03T18:30:00+01:00,2026-03-03T18:45:00+01:00,271.37,EUR
SIDC_IntradayAuction3,2026-03-03,GER,2026-03-03T17:45:00Z,2026-03-03T18:00:00Z,2026-03-03T18:45:00+01:00,2026-03-03T19:00:00+01:00,275.1,EUR
SIDC_IntradayAuction3,2026-03-03,GER,2026-03-03T18:00:00Z,2026-03-03T18:15:00Z,2026-03-03T19:00:00+01:00,2026-03-03T19:15:00+01:00,288.05,EUR
SIDC_IntradayAuction3,2026-03-03,GER,2026-03-03T18:15:00Z,2026-03-03T18:30:00Z,2026-03-03T19:15:00+01:00,2026-03-03T19:30:00+01:00,219.25,EUR
SIDC_IntradayAuction3,2026-03-03,GER,2026-03-03T18:30:00Z,2026-03-03T18:45:00Z,2026-03-03T19:30:00+01:00,2026-03-03T19:45:00+01:00,186.95,EUR
SIDC_IntradayAuction3,2026-03-03,GER,2026-03-03T18:45:00Z,2026-03-03T19:00:00Z,2026-03-03T19:45:00+01:00,2026-03-03T20:00:00+01:00,156.46,EUR
SIDC_IntradayAuction3,2026-03-03,GER,2026-03-03T19:00:00Z,2026-03-03T19:15:00Z,2026-03-03T20:00:00+01:00,2026-03-03T20:15:00+01:00,166.79,EUR
SIDC_IntradayAuction3,2026-03-03,GER,2026-03-03T19:15:00Z,2026-03-03T19:30:00Z,2026-03-03T20:15:00+01:00,2026-03-03T20:30:00+01:00,146.05,EUR
SIDC_IntradayAuction3,2026-03-03,GER,2026-03-03T19:30:00Z,2026-03-03T19:45:00Z,2026-03-03T20:30:00+01:00,2026-03-03T20:45:00+01:00,135.05,EUR
SIDC_IntradayAuction3,2026-03-03,GER,2026-03-03T19:45:00Z,2026-03-03T20:00:00Z,2026-03-03T20:45:00+01:00,2026-03-03T21:00:00+01:00,129.72,EUR
SIDC_IntradayAuction3,2026-03-03,GER,2026-03-03T20:00:00Z,2026-03-03T20:15:00Z,2026-03-03T21:00:00+01:00,2026-03-03T21:15:00+01:00,133.37,EUR
SIDC_IntradayAuction3,2026-03-03,GER,2026-03-03T20:15:00Z,2026-03-03T20:30:00Z,2026-03-03T21:15:00+01:00,2026-03-03T21:30:00+01:00,126.69,EUR
SIDC_IntradayAuction3,2026-03-03,GER,2026-03-03T20:30:00Z,2026-03-03T20:45:00Z,2026-03-03T21:30:00+01:00,2026-03-03T21:45:00+01:00,120.65,EUR
SIDC_IntradayAuction3,2026-03-03,GER,2026-03-03T20:45:00Z,2026-03-03T21:00:00Z,2026-03-03T21:45:00+01:00,2026-03-03T22:00:00+01:00,113.85,EUR
SIDC_IntradayAuction3,2026-03-03,GER,2026-03-03T21:00:00Z,2026-03-03T21:15:00Z,2026-03-03T22:00:00+01:00,2026-03-03T22:15:00+01:00,128.04,EUR
SIDC_IntradayAuction3,2026-03-03,GER,2026-03-03T21:15:00Z,2026-03-03T21:30:00Z,2026-03-03T22:15:00+01:00,2026-03-03T22:30:00+01:00,120.09,EUR
SIDC_IntradayAuction3,2026-03-03,GER,2026-03-03T21:30:00Z,2026-03-03T21:45:00Z,2026-03-03T22:30:00+01:00,2026-03-03T22:45:00+01:00,114.37,EUR
SIDC_IntradayAuction3,2026-03-03,GER,2026-03-03T21:45:00Z,2026-03-03T22:00:00Z,2026-03-03T22:45:00+01:00,2026-03-03T23:00:00+01:00,109.39,EUR
SIDC_IntradayAuction3,2026-03-03,GER,2026-03-03T22:00:00Z,2026-03-03T22:15:00Z,2026-03-03T23:00:00+01:00,2026-03-03T23:15:00+01:00,120.46,EUR
SIDC_IntradayAuction3,2026-03-03,GER,2026-03-03T22:15:00Z,2026-03-03T22:30:00Z,2026-03-03T23:15:00+01:00,2026-03-03T23:30:00+01:00,112.67,EUR
SIDC_IntradayAuction3,2026-03-03,GER,2026-03-03T22:30:00Z,2026-03-03T22:45:00Z,2026-03-03T23:30:00+01:00,2026-03-03T23:45:00+01:00,109.95,EUR
SIDC_IntradayAuction3,2026-03-03,GER,2026-03-03T22:45:00Z,2026-03-03T23:00:00Z,2026-03-03T23:45:00+01:00,2026-03-04T00:00:00+01:00,102.94,EUR
SIDC_IntradayAuction3,2026-03-04,FR,2026-03-04T11:00:00Z,2026-03-04T11:15:00Z,2026-03-04T12:00:00+01:00,2026-03-04T12:15:00+01:00,24.3,EUR
SIDC_IntradayAuction3,2026-03-04,FR,2026-03-04T11:15:00Z,2026-03-04T11:30:00Z,2026-03-04T12:15:00+01:00,2026-03-04T12:30:00+01:00,16.79,EUR
SIDC_IntradayAuction3,2026-03-04,FR,2026-03-04T11:30:00Z,2026-03-04T11:45:00Z,2026-03-04T12:30:00+01:00,2026-03-04T12:45:00+01:00,14.51,EUR
SIDC_IntradayAuction3,2026-03-04,FR,2026-03-04T11:45:00Z,2026-03-04T12:00:00Z,2026-03-04T12:45:00+01:00,2026-03-04T13:00:00+01:00,10.94,EUR
SIDC_IntradayAuction3,2026-03-04,FR,2026-03-04T12:00:00Z,2026-03-04T12:15:00Z,2026-03-04T13:00:00+01:00,2026-03-04T13:15:00+01:00,12.63,EUR
SIDC_IntradayAuction3,2026-03-04,FR,2026-03-04T12:15:00Z,2026-03-04T12:30:00Z,2026-03-04T13:15:00+01:00,2026-03-04T13:30:00+01:00,11.48,EUR
SIDC_IntradayAuction3,2026-03-04,FR,2026-03-04T12:30:00Z,2026-03-04T12:45:00Z,2026-03-04T13:30:00+01:00,2026-03-04T13:45:00+01:00,-25.79,EUR
SIDC_IntradayAuction3,2026-03-04,FR,2026-03-04T12:45:00Z,2026-03-04T13:00:00Z,2026-03-04T13:45:00+01:00,2026-03-04T14:00:00+01:00,-15.27,EUR
SIDC_IntradayAuction3,2026-03-04,FR,2026-03-04T13:00:00Z,2026-03-04T13:15:00Z,2026-03-04T14:00:00+01:00,2026-03-04T14:15:00+01:00,-26.84,EUR
SIDC_IntradayAuction3,2026-03-04,FR,2026-03-04T13:15:00Z,2026-03-04T13:30:00Z,2026-03-04T14:15:00+01:00,2026-03-04T14:30:00+01:00,13.09,EUR
SIDC_IntradayAuction3,2026-03-04,FR,2026-03-04T13:30:00Z,2026-03-04T13:45:00Z,2026-03-04T14:30:00+01:00,2026-03-04T14:45:00+01:00,14.75,EUR
SIDC_IntradayAuction3,2026-03-04,FR,2026-03-04T13:45:00Z,2026-03-04T14:00:00Z,2026-03-04T14:45:00+01:00,2026-03-04T15:00:00+01:00,19.0,EUR
SIDC_IntradayAuction3,2026-03-04,FR,2026-03-04T14:00:00Z,2026-03-04T14:15:00Z,2026-03-04T15:00:00+01:00,2026-03-04T15:15:00+01:00,15.5,EUR
SIDC_IntradayAuction3,2026-03-04,FR,2026-03-04T14:15:00Z,2026-03-04T14:30:00Z,2026-03-04T15:15:00+01:00,2026-03-04T15:30:00+01:00,16.87,EUR
SIDC_IntradayAuction3,2026-03-04,FR,2026-03-04T14:30:00Z,2026-03-04T14:45:00Z,2026-03-04T15:30:00+01:00,2026-03-04T15:45:00+01:00,17.84,EUR
SIDC_IntradayAuction3,2026-03-04,FR,2026-03-04T14:45:00Z,2026-03-04T15:00:00Z,2026-03-04T15:45:00+01:00,2026-03-04T16:00:00+01:00,23.74,EUR
SIDC_IntradayAuction3,2026-03-04,FR,2026-03-04T15:00:00Z,2026-03-04T15:15:00Z,2026-03-04T16:00:00+01:00,2026-03-04T16:15:00+01:00,10.87,EUR
SIDC_IntradayAuction3,2026-03-04,FR,2026-03-04T15:15:00Z,2026-03-04T15:30:00Z,2026-03-04T16:15:00+01:00,2026-03-04T16:30:00+01:00,36.65,EUR
SIDC_IntradayAuction3,2026-03-04,FR,2026-03-04T15:30:00Z,2026-03-04T15:45:00Z,2026-03-04T16:30:00+01:00,2026-03-04T16:45:00+01:00,38.0,EUR
SIDC_IntradayAuction3,2026-03-04,FR,2026-03-04T15:45:00Z,2026-03-04T16:00:00Z,2026-03-04T16:45:00+01:00,2026-03-04T17:00:00+01:00,50.6,EUR
SIDC_IntradayAuction3,2026-03-04,FR,2026-03-04T16:00:00Z,2026-03-04T16:15:00Z,2026-03-04T17:00:00+01:00,2026-03-04T17:15:00+01:00,46.07,EUR
SIDC_IntradayAuction3,2026-03-04,FR,2026-03-04T16:15:00Z,2026-03-04T16:30:00Z,2026-03-04T17:15:00+01:00,2026-03-04T17:30:00+01:00,59.61,EUR
SIDC_IntradayAuction3,2026-03-04,FR,2026-03-04T16:30:00Z,2026-03-04T16:45:00Z,2026-03-04T17:30:00+01:00,2026-03-04T17:45:00+01:00,50.24,EUR
SIDC_IntradayAuction3,2026-03-04,FR,2026-03-04T16:45:00Z,2026-03-04T17:00:00Z,2026-03-04T17:45:00+01:00,2026-03-04T18:00:00+01:00,72.08,EUR
SIDC_IntradayAuction3,2026-03-04,FR,2026-03-04T17:00:00Z,2026-03-04T17:15:00Z,2026-03-04T18:00:00+01:00,2026-03-04T18:15:00+01:00,70.38,EUR
SIDC_IntradayAuction3,2026-03-04,FR,2026-03-04T17:15:00Z,2026-03-04T17:30:00Z,2026-03-04T18:15:00+01:00,2026-03-04T18:30:00+01:00,88.28,EUR
SIDC_IntradayAuction3,2026-03-04,FR,2026-03-04T17:30:00Z,2026-03-04T17:45:00Z,2026-03-04T18:30:00+01:00,2026-03-04T18:45:00+01:00,99.12,EUR
SIDC_IntradayAuction3,2026-03-04,FR,2026-03-04T17:45:00Z,2026-03-04T18:00:00Z,2026-03-04T18:45:00+01:00,2026-03-04T19:00:00+01:00,117.07,EUR
SIDC_IntradayAuction3,2026-03-04,FR,2026-03-04T18:00:00Z,2026-03-04T18:15:00Z,2026-03-04T19:00:00+01:00,2026-03-04T19:15:00+01:00,147.1,EUR
SIDC_IntradayAuction3,2026-03-04,FR,2026-03-04T18:15:00Z,2026-03-04T18:30:00Z,2026-03-04T19:15:00+01:00,2026-03-04T19:30:00+01:00,161.03,EUR
SIDC_IntradayAuction3,2026-03-04,FR,2026-03-04T18:30:00Z,2026-03-04T18:45:00Z,2026-03-04T19:30:00+01:00,2026-03-04T19:45:00+01:00,170.73,EUR
SIDC_IntradayAuction3,2026-03-04,FR,2026-03-04T18:45:00Z,2026-03-04T19:00:00Z,2026-03-04T19:45:00+01:00,2026-03-04T20:00:00+01:00,156.23,EUR
SIDC_IntradayAuction3,2026-03-04,FR,2026-03-04T19:00:00Z,2026-03-04T19:15:00Z,2026-03-04T20:00:00+01:00,2026-03-04T20:15:00+01:00,157.0,EUR
SIDC_IntradayAuction3,2026-03-04,FR,2026-03-04T19:15:00Z,2026-03-04T19:30:00Z,2026-03-04T20:15:00+01:00,2026-03-04T20:30:00+01:00,149.33,EUR
SIDC_IntradayAuction3,2026-03-04,FR,2026-03-04T19:30:00Z,2026-03-04T19:45:00Z,2026-03-04T20:30:00+01:00,2026-03-04T20:45:00+01:00,131.5,EUR
SIDC_IntradayAuction3,2026-03-04,FR,2026-03-04T19:45:00Z,2026-03-04T20:00:00Z,2026-03-04T20:45:00+01:00,2026-03-04T21:00:00+01:00,121.25,EUR
SIDC_IntradayAuction3,2026-03-04,FR,2026-03-04T20:00:00Z,2026-03-04T20:15:00Z,2026-03-04T21:00:00+01:00,2026-03-04T21:15:00+01:00,104.55,EUR
SIDC_IntradayAuction3,2026-03-04,FR,2026-03-04T20:15:00Z,2026-03-04T20:30:00Z,2026-03-04T21:15:00+01:00,2026-03-04T21:30:00+01:00,116.07,EUR
SIDC_IntradayAuction3,2026-03-04,FR,2026-03-04T20:30:00Z,2026-03-04T20:45:00Z,2026-03-04T21:30:00+01:00,2026-03-04T21:45:00+01:00,100.64,EUR
SIDC_IntradayAuction3,2026-03-04,FR,2026-03-04T20:45:00Z,2026-03-04T21:00:00Z,2026-03-04T21:45:00+01:00,2026-03-04T22:00:00+01:00,66.74,EUR
SIDC_IntradayAuction3,2026-03-04,FR,2026-03-04T21:00:00Z,2026-03-04T21:15:00Z,2026-03-04T22:00:00+01:00,2026-03-04T22:15:00+01:00,98.38,EUR
SIDC_IntradayAuction3,2026-03-04,FR,2026-03-04T21:15:00Z,2026-03-04T21:30:00Z,2026-03-04T22:15:00+01:00,2026-03-04T22:30:00+01:00,91.54,EUR
SIDC_IntradayAuction3,2026-03-04,FR,2026-03-04T21:30:00Z,2026-03-04T21:45:00Z,2026-03-04T22:30:00+01:00,2026-03-04T22:45:00+01:00,95.53,EUR
SIDC_IntradayAuction3,2026-03-04,FR,2026-03-04T21:45:00Z,2026-03-04T22:00:00Z,2026-03-04T22:45:00+01:00,2026-03-04T23:00:00+01:00,93.47,EUR
SIDC_IntradayAuction3,2026-03-04,FR,2026-03-04T22:00:00Z,2026-03-04T22:15:00Z,2026-03-04T23:00:00+01:00,2026-03-04T23:15:00+01:00,80.28,EUR
SIDC_IntradayAuction3,2026-03-04,FR,2026-03-04T22:15:00Z,2026-03-04T22:30:00Z,2026-03-04T23:15:00+01:00,2026-03-04T23:30:00+01:00,85.46,EUR
SIDC_IntradayAuction3,2026-03-04,FR,2026-03-04T22:30:00Z,2026-03-04T22:45:00Z,2026-03-04T23:30:00+01:00,2026-03-04T23:45:00+01:00,89.0,EUR
SIDC_IntradayAuction3,2026-03-04,FR,2026-03-04T22:45:00Z,2026-03-04T23:00:00Z,2026-03-04T23:45:00+01:00,2026-03-05T00:00:00+01:00,79.52,EUR
SIDC_IntradayAuction3,2026-03-04,GER,2026-03-04T11:00:00Z,2026-03-04T11:15:00Z,2026-03-04T12:00:00+01:00,2026-03-04T12:15:00+01:00,42.01,EUR
SIDC_IntradayAuction3,2026-03-04,GER,2026-03-04T11:15:00Z,2026-03-04T11:30:00Z,2026-03-04T12:15:00+01:00,2026-03-04T12:30:00+01:00,18.03,EUR
SIDC_IntradayAuction3,2026-03-04,GER,2026-03-04T11:30:00Z,2026-03-04T11:45:00Z,2026-03-04T12:30:00+01:00,2026-03-04T12:45:00+01:00,10.04,EUR
SIDC_IntradayAuction3,2026-03-04,GER,2026-03-04T11:45:00Z,2026-03-04T12:00:00Z,2026-03-04T12:45:00+01:00,2026-03-04T13:00:00+01:00,5.91,EUR
SIDC_IntradayAuction3,2026-03-04,GER,2026-03-04T12:00:00Z,2026-03-04T12:15:00Z,2026-03-04T13:00:00+01:00,2026-03-04T13:15:00+01:00,12.63,EUR
SIDC_IntradayAuction3,2026-03-04,GER,2026-03-04T12:15:00Z,2026-03-04T12:30:00Z,2026-03-04T13:15:00+01:00,2026-03-04T13:30:00+01:00,8.09,EUR
SIDC_IntradayAuction3,2026-03-04,GER,2026-03-04T12:30:00Z,2026-03-04T12:45:00Z,2026-03-04T13:30:00+01:00,2026-03-04T13:45:00+01:00,10.76,EUR
SIDC_IntradayAuction3,2026-03-04,GER,2026-03-04T12:45:00Z,2026-03-04T13:00:00Z,2026-03-04T13:45:00+01:00,2026-03-04T14:00:00+01:00,17.2,EUR
SIDC_IntradayAuction3,2026-03-04,GER,2026-03-04T13:00:00Z,2026-03-04T13:15:00Z,2026-03-04T14:00:00+01:00,2026-03-04T14:15:00+01:00,16.78,EUR
SIDC_IntradayAuction3,2026-03-04,GER,2026-03-04T13:15:00Z,2026-03-04T13:30:00Z,2026-03-04T14:15:00+01:00,2026-03-04T14:30:00+01:00,31.3,EUR
SIDC_IntradayAuction3,2026-03-04,GER,2026-03-04T13:30:00Z,2026-03-04T13:45:00Z,2026-03-04T14:30:00+01:00,2026-03-04T14:45:00+01:00,48.44,EUR
SIDC_IntradayAuction3,2026-03-04,GER,2026-03-04T13:45:00Z,2026-03-04T14:00:00Z,2026-03-04T14:45:00+01:00,2026-03-04T15:00:00+01:00,71.88,EUR
SIDC_IntradayAuction3,2026-03-04,GER,2026-03-04T14:00:00Z,2026-03-04T14:15:00Z,2026-03-04T15:00:00+01:00,2026-03-04T15:15:00+01:00,54.2,EUR
SIDC_IntradayAuction3,2026-03-04,GER,2026-03-04T14:15:00Z,2026-03-04T14:30:00Z,2026-03-04T15:15:00+01:00,2026-03-04T15:30:00+01:00,69.16,EUR
SIDC_IntradayAuction3,2026-03-04,GER,2026-03-04T14:30:00Z,2026-03-04T14:45:00Z,2026-03-04T15:30:00+01:00,2026-03-04T15:45:00+01:00,80.1,EUR
SIDC_IntradayAuction3,2026-03-04,GER,2026-03-04T14:45:00Z,2026-03-04T15:00:00Z,2026-03-04T15:45:00+01:00,2026-03-04T16:00:00+01:00,101.92,EUR
SIDC_IntradayAuction3,2026-03-04,GER,2026-03-04T15:00:00Z,2026-03-04T15:15:00Z,2026-03-04T16:00:00+01:00,2026-03-04T16:15:00+01:00,87.3,EUR
SIDC_IntradayAuction3,2026-03-04,GER,2026-03-04T15:15:00Z,2026-03-04T15:30:00Z,2026-03-04T16:15:00+01:00,2026-03-04T16:30:00+01:00,104.98,EUR
SIDC_IntradayAuction3,2026-03-04,GER,2026-03-04T15:30:00Z,2026-03-04T15:45:00Z,2026-03-04T16:30:00+01:00,2026-03-04T16:45:00+01:00,123.96,EUR
SIDC_IntradayAuction3,2026-03-04,GER,2026-03-04T15:45:00Z,2026-03-04T16:00:00Z,2026-03-04T16:45:00+01:00,2026-03-04T17:00:00+01:00,160.0,EUR
SIDC_IntradayAuction3,2026-03-04,GER,2026-03-04T16:00:00Z,2026-03-04T16:15:00Z,2026-03-04T17:00:00+01:00,2026-03-04T17:15:00+01:00,119.39,EUR
SIDC_IntradayAuction3,2026-03-04,GER,2026-03-04T16:15:00Z,2026-03-04T16:30:00Z,2026-03-04T17:15:00+01:00,2026-03-04T17:30:00+01:00,143.55,EUR
SIDC_IntradayAuction3,2026-03-04,GER,2026-03-04T16:30:00Z,2026-03-04T16:45:00Z,2026-03-04T17:30:00+01:00,2026-03-04T17:45:00+01:00,195.0,EUR
SIDC_IntradayAuction3,2026-03-04,GER,2026-03-04T16:45:00Z,2026-03-04T17:00:00Z,2026-03-04T17:45:00+01:00,2026-03-04T18:00:00+01:00,321.57,EUR
SIDC_IntradayAuction3,2026-03-04,GER,2026-03-04T17:00:00Z,2026-03-04T17:15:00Z,2026-03-04T18:00:00+01:00,2026-03-04T18:15:00+01:00,231.98,EUR
SIDC_IntradayAuction3,2026-03-04,GER,2026-03-04T17:15:00Z,2026-03-04T17:30:00Z,2026-03-04T18:15:00+01:00,2026-03-04T18:30:00+01:00,249.0,EUR
SIDC_IntradayAuction3,2026-03-04,GER,2026-03-04T17:30:00Z,2026-03-04T17:45:00Z,2026-03-04T18:30:00+01:00,2026-03-04T18:45:00+01:00,256.5,EUR
SIDC_IntradayAuction3,2026-03-04,GER,2026-03-04T17:45:00Z,2026-03-04T18:00:00Z,2026-03-04T18:45:00+01:00,2026-03-04T19:00:00+01:00,232.36,EUR
SIDC_IntradayAuction3,2026-03-04,GER,2026-03-04T18:00:00Z,2026-03-04T18:15:00Z,2026-03-04T19:00:00+01:00,2026-03-04T19:15:00+01:00,241.03,EUR
SIDC_IntradayAuction3,2026-03-04,GER,2026-03-04T18:15:00Z,2026-03-04T18:30:00Z,2026-03-04T19:15:00+01:00,2026-03-04T19:30:00+01:00,199.7,EUR
SIDC_IntradayAuction3,2026-03-04,GER,2026-03-04T18:30:00Z,2026-03-04T18:45:00Z,2026-03-04T19:30:00+01:00,2026-03-04T19:45:00+01:00,184.28,EUR
SIDC_IntradayAuction3,2026-03-04,GER,2026-03-04T18:45:00Z,2026-03-04T19:00:00Z,2026-03-04T19:45:00+01:00,2026-03-04T20:00:00+01:00,163.07,EUR
SIDC_IntradayAuction3,2026-03-04,GER,2026-03-04T19:00:00Z,2026-03-04T19:15:00Z,2026-03-04T20:00:00+01:00,2026-03-04T20:15:00+01:00,170.01,EUR
SIDC_IntradayAuction3,2026-03-04,GER,2026-03-04T19:15:00Z,2026-03-04T19:30:00Z,2026-03-04T20:15:00+01:00,2026-03-04T20:30:00+01:00,156.4,EUR
SIDC_IntradayAuction3,2026-03-04,GER,2026-03-04T19:30:00Z,2026-03-04T19:45:00Z,2026-03-04T20:30:00+01:00,2026-03-04T20:45:00+01:00,145.05,EUR
SIDC_IntradayAuction3,2026-03-04,GER,2026-03-04T19:45:00Z,2026-03-04T20:00:00Z,2026-03-04T20:45:00+01:00,2026-03-04T21:00:00+01:00,141.68,EUR
SIDC_IntradayAuction3,2026-03-04,GER,2026-03-04T20:00:00Z,2026-03-04T20:15:00Z,2026-03-04T21:00:00+01:00,2026-03-04T21:15:00+01:00,151.2,EUR
SIDC_IntradayAuction3,2026-03-04,GER,2026-03-04T20:15:00Z,2026-03-04T20:30:00Z,2026-03-04T21:15:00+01:00,2026-03-04T21:30:00+01:00,137.01,EUR
SIDC_IntradayAuction3,2026-03-04,GER,2026-03-04T20:30:00Z,2026-03-04T20:45:00Z,2026-03-04T21:30:00+01:00,2026-03-04T21:45:00+01:00,125.4,EUR
SIDC_IntradayAuction3,2026-03-04,GER,2026-03-04T20:45:00Z,2026-03-04T21:00:00Z,2026-03-04T21:45:00+01:00,2026-03-04T22:00:00+01:00,114.28,EUR
SIDC_IntradayAuction3,2026-03-04,GER,2026-03-04T21:00:00Z,2026-03-04T21:15:00Z,2026-03-04T22:00:00+01:00,2026-03-04T22:15:00+01:00,141.85,EUR
SIDC_IntradayAuction3,2026-03-04,GER,2026-03-04T21:15:00Z,2026-03-04T21:30:00Z,2026-03-04T22:15:00+01:00,2026-03-04T22:30:00+01:00,128.34,EUR
SIDC_IntradayAuction3,2026-03-04,GER,2026-03-04T21:30:00Z,2026-03-04T21:45:00Z,2026-03-04T22:30:00+01:00,2026-03-04T22:45:00+01:00,119.09,EUR
SIDC_IntradayAuction3,2026-03-04,GER,2026-03-04T21:45:00Z,2026-03-04T22:00:00Z,2026-03-04T22:45:00+01:00,2026-03-04T23:00:00+01:00,111.91,EUR
SIDC_IntradayAuction3,2026-03-04,GER,2026-03-04T22:00:00Z,2026-03-04T22:15:00Z,2026-03-04T23:00:00+01:00,2026-03-04T23:15:00+01:00,125.07,EUR
SIDC_IntradayAuction3,2026-03-04,GER,2026-03-04T22:15:00Z,2026-03-04T22:30:00Z,2026-03-04T23:15:00+01:00,2026-03-04T23:30:00+01:00,116.12,EUR
SIDC_IntradayAuction3,2026-03-04,GER,2026-03-04T22:30:00Z,2026-03-04T22:45:00Z,2026-03-04T23:30:00+01:00,2026-03-04T23:45:00+01:00,104.01,EUR
SIDC_IntradayAuction3,2026-03-04,GER,2026-03-04T22:45:00Z,2026-03-04T23:00:00Z,2026-03-04T23:45:00+01:00,2026-03-05T00:00:00+01:00,99.09,EUR
SIDC_IntradayAuction3,2026-03-05,FR,2026-03-05T11:00:00Z,2026-03-05T11:15:00Z,2026-03-05T12:00:00+01:00,2026-03-05T12:15:00+01:00,42.91,EUR
SIDC_IntradayAuction3,2026-03-05,FR,2026-03-05T11:15:00Z,2026-03-05T11:30:00Z,2026-03-05T12:15:00+01:00,2026-03-05T12:30:00+01:00,32.47,EUR
SIDC_IntradayAuction3,2026-03-05,FR,2026-03-05T11:30:00Z,2026-03-05T11:45:00Z,2026-03-05T12:30:00+01:00,2026-03-05T12:45:00+01:00,27.96,EUR
SIDC_IntradayAuction3,2026-03-05,FR,2026-03-05T11:45:00Z,2026-03-05T12:00:00Z,2026-03-05T12:45:00+01:00,2026-03-05T13:00:00+01:00,23.65,EUR
SIDC_IntradayAuction3,2026-03-05,FR,2026-03-05T12:00:00Z,2026-03-05T12:15:00Z,2026-03-05T13:00:00+01:00,2026-03-05T13:15:00+01:00,23.03,EUR
SIDC_IntradayAuction3,2026-03-05,FR,2026-03-05T12:15:00Z,2026-03-05T12:30:00Z,2026-03-05T13:15:00+01:00,2026-03-05T13:30:00+01:00,22.92,EUR
SIDC_IntradayAuction3,2026-03-05,FR,2026-03-05T12:30:00Z,2026-03-05T12:45:00Z,2026-03-05T13:30:00+01:00,2026-03-05T13:45:00+01:00,23.48,EUR
SIDC_IntradayAuction3,2026-03-05,FR,2026-03-05T12:45:00Z,2026-03-05T13:00:00Z,2026-03-05T13:45:00+01:00,2026-03-05T14:00:00+01:00,34.92,EUR
SIDC_IntradayAuction3,2026-03-05,FR,2026-03-05T13:00:00Z,2026-03-05T13:15:00Z,2026-03-05T14:00:00+01:00,2026-03-05T14:15:00+01:00,36.37,EUR
SIDC_IntradayAuction3,2026-03-05,FR,2026-03-05T13:15:00Z,2026-03-05T13:30:00Z,2026-03-05T14:15:00+01:00,2026-03-05T14:30:00+01:00,41.04,EUR
SIDC_IntradayAuction3,2026-03-05,FR,2026-03-05T13:30:00Z,2026-03-05T13:45:00Z,2026-03-05T14:30:00+01:00,2026-03-05T14:45:00+01:00,44.86,EUR
SIDC_IntradayAuction3,2026-03-05,FR,2026-03-05T13:45:00Z,2026-03-05T14:00:00Z,2026-03-05T14:45:00+01:00,2026-03-05T15:00:00+01:00,61.73,EUR
SIDC_IntradayAuction3,2026-03-05,FR,2026-03-05T14:00:00Z,2026-03-05T14:15:00Z,2026-03-05T15:00:00+01:00,2026-03-05T15:15:00+01:00,43.58,EUR
SIDC_IntradayAuction3,2026-03-05,FR,2026-03-05T14:15:00Z,2026-03-05T14:30:00Z,2026-03-05T15:15:00+01:00,2026-03-05T15:30:00+01:00,55.43,EUR
SIDC_IntradayAuction3,2026-03-05,FR,2026-03-05T14:30:00Z,2026-03-05T14:45:00Z,2026-03-05T15:30:00+01:00,2026-03-05T15:45:00+01:00,55.65,EUR
SIDC_IntradayAuction3,2026-03-05,FR,2026-03-05T14:45:00Z,2026-03-05T15:00:00Z,2026-03-05T15:45:00+01:00,2026-03-05T16:00:00+01:00,66.79,EUR
SIDC_IntradayAuction3,2026-03-05,FR,2026-03-05T15:00:00Z,2026-03-05T15:15:00Z,2026-03-05T16:00:00+01:00,2026-03-05T16:15:00+01:00,40.01,EUR
SIDC_IntradayAuction3,2026-03-05,FR,2026-03-05T15:15:00Z,2026-03-05T15:30:00Z,2026-03-05T16:15:00+01:00,2026-03-05T16:30:00+01:00,44.98,EUR
SIDC_IntradayAuction3,2026-03-05,FR,2026-03-05T15:30:00Z,2026-03-05T15:45:00Z,2026-03-05T16:30:00+01:00,2026-03-05T16:45:00+01:00,47.0,EUR
SIDC_IntradayAuction3,2026-03-05,FR,2026-03-05T15:45:00Z,2026-03-05T16:00:00Z,2026-03-05T16:45:00+01:00,2026-03-05T17:00:00+01:00,48.13,EUR
SIDC_IntradayAuction3,2026-03-05,FR,2026-03-05T16:00:00Z,2026-03-05T16:15:00Z,2026-03-05T17:00:00+01:00,2026-03-05T17:15:00+01:00,36.16,EUR
SIDC_IntradayAuction3,2026-03-05,FR,2026-03-05T16:15:00Z,2026-03-05T16:30:00Z,2026-03-05T17:15:00+01:00,2026-03-05T17:30:00+01:00,40.01,EUR
SIDC_IntradayAuction3,2026-03-05,FR,2026-03-05T16:30:00Z,2026-03-05T16:45:00Z,2026-03-05T17:30:00+01:00,2026-03-05T17:45:00+01:00,54.99,EUR
SIDC_IntradayAuction3,2026-03-05,FR,2026-03-05T16:45:00Z,2026-03-05T17:00:00Z,2026-03-05T17:45:00+01:00,2026-03-05T18:00:00+01:00,77.98,EUR
SIDC_IntradayAuction3,2026-03-05,FR,2026-03-05T17:00:00Z,2026-03-05T17:15:00Z,2026-03-05T18:00:00+01:00,2026-03-05T18:15:00+01:00,50.01,EUR
SIDC_IntradayAuction3,2026-03-05,FR,2026-03-05T17:15:00Z,2026-03-05T17:30:00Z,2026-03-05T18:15:00+01:00,2026-03-05T18:30:00+01:00,80.66,EUR
SIDC_IntradayAuction3,2026-03-05,FR,2026-03-05T17:30:00Z,2026-03-05T17:45:00Z,2026-03-05T18:30:00+01:00,2026-03-05T18:45:00+01:00,101.28,EUR
SIDC_IntradayAuction3,2026-03-05,FR,2026-03-05T17:45:00Z,2026-03-05T18:00:00Z,2026-03-05T18:45:00+01:00,2026-03-05T19:00:00+01:00,128.73,EUR
SIDC_IntradayAuction3,2026-03-05,FR,2026-03-05T18:00:00Z,2026-03-05T18:15:00Z,2026-03-05T19:00:00+01:00,2026-03-05T19:15:00+01:00,144.0,EUR
SIDC_IntradayAuction3,2026-03-05,FR,2026-03-05T18:15:00Z,2026-03-05T18:30:00Z,2026-03-05T19:15:00+01:00,2026-03-05T19:30:00+01:00,148.05,EUR
SIDC_IntradayAuction3,2026-03-05,FR,2026-03-05T18:30:00Z,2026-03-05T18:45:00Z,2026-03-05T19:30:00+01:00,2026-03-05T19:45:00+01:00,104.8,EUR
SIDC_IntradayAuction3,2026-03-05,FR,2026-03-05T18:45:00Z,2026-03-05T19:00:00Z,2026-03-05T19:45:00+01:00,2026-03-05T20:00:00+01:00,96.62,EUR
SIDC_IntradayAuction3,2026-03-05,FR,2026-03-05T19:00:00Z,2026-03-05T19:15:00Z,2026-03-05T20:00:00+01:00,2026-03-05T20:15:00+01:00,107.28,EUR
SIDC_IntradayAuction3,2026-03-05,FR,2026-03-05T19:15:00Z,2026-03-05T19:30:00Z,2026-03-05T20:15:00+01:00,2026-03-05T20:30:00+01:00,98.4,EUR
SIDC_IntradayAuction3,2026-03-05,FR,2026-03-05T19:30:00Z,2026-03-05T19:45:00Z,2026-03-05T20:30:00+01:00,2026-03-05T20:45:00+01:00,85.72,EUR
SIDC_IntradayAuction3,2026-03-05,FR,2026-03-05T19:45:00Z,2026-03-05T20:00:00Z,2026-03-05T20:45:00+01:00,2026-03-05T21:00:00+01:00,78.88,EUR
SIDC_IntradayAuction3,2026-03-05,FR,2026-03-05T20:00:00Z,2026-03-05T20:15:00Z,2026-03-05T21:00:00+01:00,2026-03-05T21:15:00+01:00,89.9,EUR
SIDC_IntradayAuction3,2026-03-05,FR,2026-03-05T20:15:00Z,2026-03-05T20:30:00Z,2026-03-05T21:15:00+01:00,2026-03-05T21:30:00+01:00,82.19,EUR
SIDC_IntradayAuction3,2026-03-05,FR,2026-03-05T20:30:00Z,2026-03-05T20:45:00Z,2026-03-05T21:30:00+01:00,2026-03-05T21:45:00+01:00,85.17,EUR
SIDC_IntradayAuction3,2026-03-05,FR,2026-03-05T20:45:00Z,2026-03-05T21:00:00Z,2026-03-05T21:45:00+01:00,2026-03-05T22:00:00+01:00,52.5,EUR
SIDC_IntradayAuction3,2026-03-05,FR,2026-03-05T21:00:00Z,2026-03-05T21:15:00Z,2026-03-05T22:00:00+01:00,2026-03-05T22:15:00+01:00,81.47,EUR
SIDC_IntradayAuction3,2026-03-05,FR,2026-03-05T21:15:00Z,2026-03-05T21:30:00Z,2026-03-05T22:15:00+01:00,2026-03-05T22:30:00+01:00,54.97,EUR
SIDC_IntradayAuction3,2026-03-05,FR,2026-03-05T21:30:00Z,2026-03-05T21:45:00Z,2026-03-05T22:30:00+01:00,2026-03-05T22:45:00+01:00,72.28,EUR
SIDC_IntradayAuction3,2026-03-05,FR,2026-03-05T21:45:00Z,2026-03-05T22:00:00Z,2026-03-05T22:45:00+01:00,2026-03-05T23:00:00+01:00,71.74,EUR
SIDC_IntradayAuction3,2026-03-05,FR,2026-03-05T22:00:00Z,2026-03-05T22:15:00Z,2026-03-05T23:00:00+01:00,2026-03-05T23:15:00+01:00,81.44,EUR
SIDC_IntradayAuction3,2026-03-05,FR,2026-03-05T22:15:00Z,2026-03-05T22:30:00Z,2026-03-05T23:15:00+01:00,2026-03-05T23:30:00+01:00,70.38,EUR
SIDC_IntradayAuction3,2026-03-05,FR,2026-03-05T22:30:00Z,2026-03-05T22:45:00Z,2026-03-05T23:30:00+01:00,2026-03-05T23:45:00+01:00,78.16,EUR
SIDC_IntradayAuction3,2026-03-05,FR,2026-03-05T22:45:00Z,2026-03-05T23:00:00Z,2026-03-05T23:45:00+01:00,2026-03-06T00:00:00+01:00,54.19,EUR
SIDC_IntradayAuction3,2026-03-05,GER,2026-03-05T11:00:00Z,2026-03-05T11:15:00Z,2026-03-05T12:00:00+01:00,2026-03-05T12:15:00+01:00,42.91,EUR
SIDC_IntradayAuction3,2026-03-05,GER,2026-03-05T11:15:00Z,2026-03-05T11:30:00Z,2026-03-05T12:15:00+01:00,2026-03-05T12:30:00+01:00,32.47,EUR
SIDC_IntradayAuction3,2026-03-05,GER,2026-03-05T11:30:00Z,2026-03-05T11:45:00Z,2026-03-05T12:30:00+01:00,2026-03-05T12:45:00+01:00,27.96,EUR
SIDC_IntradayAuction3,2026-03-05,GER,2026-03-05T11:45:00Z,2026-03-05T12:00:00Z,2026-03-05T12:45:00+01:00,2026-03-05T13:00:00+01:00,23.65,EUR
SIDC_IntradayAuction3,2026-03-05,GER,2026-03-05T12:00:00Z,2026-03-05T12:15:00Z,2026-03-05T13:00:00+01:00,2026-03-05T13:15:00+01:00,23.03,EUR
SIDC_IntradayAuction3,2026-03-05,GER,2026-03-05T12:15:00Z,2026-03-05T12:30:00Z,2026-03-05T13:15:00+01:00,2026-03-05T13:30:00+01:00,22.92,EUR
SIDC_IntradayAuction3,2026-03-05,GER,2026-03-05T12:30:00Z,2026-03-05T12:45:00Z,2026-03-05T13:30:00+01:00,2026-03-05T13:45:00+01:00,23.48,EUR
SIDC_IntradayAuction3,2026-03-05,GER,2026-03-05T12:45:00Z,2026-03-05T13:00:00Z,2026-03-05T13:45:00+01:00,2026-03-05T14:00:00+01:00,34.92,EUR
SIDC_IntradayAuction3,2026-03-05,GER,2026-03-05T13:00:00Z,2026-03-05T13:15:00Z,2026-03-05T14:00:00+01:00,2026-03-05T14:15:00+01:00,36.37,EUR
SIDC_IntradayAuction3,2026-03-05,GER,2026-03-05T13:15:00Z,2026-03-05T13:30:00Z,2026-03-05T14:15:00+01:00,2026-03-05T14:30:00+01:00,41.04,EUR
SIDC_IntradayAuction3,2026-03-05,GER,2026-03-05T13:30:00Z,2026-03-05T13:45:00Z,2026-03-05T14:30:00+01:00,2026-03-05T14:45:00+01:00,44.86,EUR
SIDC_IntradayAuction3,2026-03-05,GER,2026-03-05T13:45:00Z,2026-03-05T14:00:00Z,2026-03-05T14:45:00+01:00,2026-03-05T15:00:00+01:00,61.73,EUR
SIDC_IntradayAuction3,2026-03-05,GER,2026-03-05T14:00:00Z,2026-03-05T14:15:00Z,2026-03-05T15:00:00+01:00,2026-03-05T15:15:00+01:00,61.88,EUR
SIDC_IntradayAuction3,2026-03-05,GER,2026-03-05T14:15:00Z,2026-03-05T14:30:00Z,2026-03-05T15:15:00+01:00,2026-03-05T15:30:00+01:00,77.3,EUR
SIDC_IntradayAuction3,2026-03-05,GER,2026-03-05T14:30:00Z,2026-03-05T14:45:00Z,2026-03-05T15:30:00+01:00,2026-03-05T15:45:00+01:00,93.01,EUR
SIDC_IntradayAuction3,2026-03-05,GER,2026-03-05T14:45:00Z,2026-03-05T15:00:00Z,2026-03-05T15:45:00+01:00,2026-03-05T16:00:00+01:00,111.81,EUR
SIDC_IntradayAuction3,2026-03-05,GER,2026-03-05T15:00:00Z,2026-03-05T15:15:00Z,2026-03-05T16:00:00+01:00,2026-03-05T16:15:00+01:00,92.79,EUR
SIDC_IntradayAuction3,2026-03-05,GER,2026-03-05T15:15:00Z,2026-03-05T15:30:00Z,2026-03-05T16:15:00+01:00,2026-03-05T16:30:00+01:00,115.09,EUR
SIDC_IntradayAuction3,2026-03-05,GER,2026-03-05T15:30:00Z,2026-03-05T15:45:00Z,2026-03-05T16:30:00+01:00,2026-03-05T16:45:00+01:00,137.32,EUR
SIDC_IntradayAuction3,2026-03-05,GER,2026-03-05T15:45:00Z,2026-03-05T16:00:00Z,2026-03-05T16:45:00+01:00,2026-03-05T17:00:00+01:00,168.01,EUR
SIDC_IntradayAuction3,2026-03-05,GER,2026-03-05T16:00:00Z,2026-03-05T16:15:00Z,2026-03-05T17:00:00+01:00,2026-03-05T17:15:00+01:00,120.9,EUR
SIDC_IntradayAuction3,2026-03-05,GER,2026-03-05T16:15:00Z,2026-03-05T16:30:00Z,2026-03-05T17:15:00+01:00,2026-03-05T17:30:00+01:00,137.19,EUR
SIDC_IntradayAuction3,2026-03-05,GER,2026-03-05T16:30:00Z,2026-03-05T16:45:00Z,2026-03-05T17:30:00+01:00,2026-03-05T17:45:00+01:00,160.54,EUR
SIDC_IntradayAuction3,2026-03-05,GER,2026-03-05T16:45:00Z,2026-03-05T17:00:00Z,2026-03-05T17:45:00+01:00,2026-03-05T18:00:00+01:00,206.17,EUR
SIDC_IntradayAuction3,2026-03-05,GER,2026-03-05T17:00:00Z,2026-03-05T17:15:00Z,2026-03-05T18:00:00+01:00,2026-03-05T18:15:00+01:00,184.01,EUR
SIDC_IntradayAuction3,2026-03-05,GER,2026-03-05T17:15:00Z,2026-03-05T17:30:00Z,2026-03-05T18:15:00+01:00,2026-03-05T18:30:00+01:00,171.02,EUR
SIDC_IntradayAuction3,2026-03-05,GER,2026-03-05T17:30:00Z,2026-03-05T17:45:00Z,2026-03-05T18:30:00+01:00,2026-03-05T18:45:00+01:00,152.03,EUR
SIDC_IntradayAuction3,2026-03-05,GER,2026-03-05T17:45:00Z,2026-03-05T18:00:00Z,2026-03-05T18:45:00+01:00,2026-03-05T19:00:00+01:00,139.31,EUR
SIDC_IntradayAuction3,2026-03-05,GER,2026-03-05T18:00:00Z,2026-03-05T18:15:00Z,2026-03-05T19:00:00+01:00,2026-03-05T19:15:00+01:00,169.01,EUR
SIDC_IntradayAuction3,2026-03-05,GER,2026-03-05T18:15:00Z,2026-03-05T18:30:00Z,2026-03-05T19:15:00+01:00,2026-03-05T19:30:00+01:00,148.05,EUR
SIDC_IntradayAuction3,2026-03-05,GER,2026-03-05T18:30:00Z,2026-03-05T18:45:00Z,2026-03-05T19:30:00+01:00,2026-03-05T19:45:00+01:00,133.57,EUR
SIDC_IntradayAuction3,2026-03-05,GER,2026-03-05T18:45:00Z,2026-03-05T19:00:00Z,2026-03-05T19:45:00+01:00,2026-03-05T20:00:00+01:00,124.0,EUR
SIDC_IntradayAuction3,2026-03-05,GER,2026-03-05T19:00:00Z,2026-03-05T19:15:00Z,2026-03-05T20:00:00+01:00,2026-03-05T20:15:00+01:00,126.96,EUR
SIDC_IntradayAuction3,2026-03-05,GER,2026-03-05T19:15:00Z,2026-03-05T19:30:00Z,2026-03-05T20:15:00+01:00,2026-03-05T20:30:00+01:00,116.08,EUR
SIDC_IntradayAuction3,2026-03-05,GER,2026-03-05T19:30:00Z,2026-03-05T19:45:00Z,2026-03-05T20:30:00+01:00,2026-03-05T20:45:00+01:00,110.84,EUR
SIDC_IntradayAuction3,2026-03-05,GER,2026-03-05T19:45:00Z,2026-03-05T20:00:00Z,2026-03-05T20:45:00+01:00,2026-03-05T21:00:00+01:00,107.02,EUR
SIDC_IntradayAuction3,2026-03-05,GER,2026-03-05T20:00:00Z,2026-03-05T20:15:00Z,2026-03-05T21:00:00+01:00,2026-03-05T21:15:00+01:00,117.0,EUR
SIDC_IntradayAuction3,2026-03-05,GER,2026-03-05T20:15:00Z,2026-03-05T20:30:00Z,2026-03-05T21:15:00+01:00,2026-03-05T21:30:00+01:00,108.71,EUR
SIDC_IntradayAuction3,2026-03-05,GER,2026-03-05T20:30:00Z,2026-03-05T20:45:00Z,2026-03-05T21:30:00+01:00,2026-03-05T21:45:00+01:00,109.17,EUR
SIDC_IntradayAuction3,2026-03-05,GER,2026-03-05T20:45:00Z,2026-03-05T21:00:00Z,2026-03-05T21:45:00+01:00,2026-03-05T22:00:00+01:00,102.05,EUR
SIDC_IntradayAuction3,2026-03-05,GER,2026-03-05T21:00:00Z,2026-03-05T21:15:00Z,2026-03-05T22:00:00+01:00,2026-03-05T22:15:00+01:00,114.1,EUR
SIDC_IntradayAuction3,2026-03-05,GER,2026-03-05T21:15:00Z,2026-03-05T21:30:00Z,2026-03-05T22:15:00+01:00,2026-03-05T22:30:00+01:00,109.97,EUR
SIDC_IntradayAuction3,2026-03-05,GER,2026-03-05T21:30:00Z,2026-03-05T21:45:00Z,2026-03-05T22:30:00+01:00,2026-03-05T22:45:00+01:00,107.92,EUR
SIDC_IntradayAuction3,2026-03-05,GER,2026-03-05T21:45:00Z,2026-03-05T22:00:00Z,2026-03-05T22:45:00+01:00,2026-03-05T23:00:00+01:00,107.33,EUR
SIDC_IntradayAuction3,2026-03-05,GER,2026-03-05T22:00:00Z,2026-03-05T22:15:00Z,2026-03-05T23:00:00+01:00,2026-03-05T23:15:00+01:00,109.92,EUR
SIDC_IntradayAuction3,2026-03-05,GER,2026-03-05T22:15:00Z,2026-03-05T22:30:00Z,2026-03-05T23:15:00+01:00,2026-03-05T23:30:00+01:00,106.08,EUR
SIDC_IntradayAuction3,2026-03-05,GER,2026-03-05T22:30:00Z,2026-03-05T22:45:00Z,2026-03-05T23:30:00+01:00,2026-03-05T23:45:00+01:00,100.41,EUR
SIDC_IntradayAuction3,2026-03-05,GER,2026-03-05T22:45:00Z,2026-03-05T23:00:00Z,2026-03-05T23:45:00+01:00,2026-03-06T00:00:00+01:00,100.0,EUR
SIDC_IntradayAuction3,2026-03-06,FR,2026-03-06T11:00:00Z,2026-03-06T11:15:00Z,2026-03-06T12:00:00+01:00,2026-03-06T12:15:00+01:00,93.47,EUR
SIDC_IntradayAuction3,2026-03-06,FR,2026-03-06T11:15:00Z,2026-03-06T11:30:00Z,2026-03-06T12:15:00+01:00,2026-03-06T12:30:00+01:00,79.75,EUR
SIDC_IntradayAuction3,2026-03-06,FR,2026-03-06T11:30:00Z,2026-03-06T11:45:00Z,2026-03-06T12:30:00+01:00,2026-03-06T12:45:00+01:00,87.26,EUR
SIDC_IntradayAuction3,2026-03-06,FR,2026-03-06T11:45:00Z,2026-03-06T12:00:00Z,2026-03-06T12:45:00+01:00,2026-03-06T13:00:00+01:00,67.97,EUR
SIDC_IntradayAuction3,2026-03-06,FR,2026-03-06T12:00:00Z,2026-03-06T12:15:00Z,2026-03-06T13:00:00+01:00,2026-03-06T13:15:00+01:00,81.56,EUR
SIDC_IntradayAuction3,2026-03-06,FR,2026-03-06T12:15:00Z,2026-03-06T12:30:00Z,2026-03-06T13:15:00+01:00,2026-03-06T13:30:00+01:00,73.9,EUR
SIDC_IntradayAuction3,2026-03-06,FR,2026-03-06T12:30:00Z,2026-03-06T12:45:00Z,2026-03-06T13:30:00+01:00,2026-03-06T13:45:00+01:00,72.23,EUR
SIDC_IntradayAuction3,2026-03-06,FR,2026-03-06T12:45:00Z,2026-03-06T13:00:00Z,2026-03-06T13:45:00+01:00,2026-03-06T14:00:00+01:00,77.53,EUR
SIDC_IntradayAuction3,2026-03-06,FR,2026-03-06T13:00:00Z,2026-03-06T13:15:00Z,2026-03-06T14:00:00+01:00,2026-03-06T14:15:00+01:00,69.81,EUR
SIDC_IntradayAuction3,2026-03-06,FR,2026-03-06T13:15:00Z,2026-03-06T13:30:00Z,2026-03-06T14:15:00+01:00,2026-03-06T14:30:00+01:00,70.1,EUR
SIDC_IntradayAuction3,2026-03-06,FR,2026-03-06T13:30:00Z,2026-03-06T13:45:00Z,2026-03-06T14:30:00+01:00,2026-03-06T14:45:00+01:00,78.99,EUR
SIDC_IntradayAuction3,2026-03-06,FR,2026-03-06T13:45:00Z,2026-03-06T14:00:00Z,2026-03-06T14:45:00+01:00,2026-03-06T15:00:00+01:00,89.63,EUR
SIDC_IntradayAuction3,2026-03-06,FR,2026-03-06T14:00:00Z,2026-03-06T14:15:00Z,2026-03-06T15:00:00+01:00,2026-03-06T15:15:00+01:00,80.89,EUR
SIDC_IntradayAuction3,2026-03-06,FR,2026-03-06T14:15:00Z,2026-03-06T14:30:00Z,2026-03-06T15:15:00+01:00,2026-03-06T15:30:00+01:00,95.01,EUR
SIDC_IntradayAuction3,2026-03-06,FR,2026-03-06T14:30:00Z,2026-03-06T14:45:00Z,2026-03-06T15:30:00+01:00,2026-03-06T15:45:00+01:00,87.19,EUR
SIDC_IntradayAuction3,2026-03-06,FR,2026-03-06T14:45:00Z,2026-03-06T15:00:00Z,2026-03-06T15:45:00+01:00,2026-03-06T16:00:00+01:00,76.62,EUR
SIDC_IntradayAuction3,2026-03-06,FR,2026-03-06T15:00:00Z,2026-03-06T15:15:00Z,2026-03-06T16:00:00+01:00,2026-03-06T16:15:00+01:00,92.36,EUR
SIDC_IntradayAuction3,2026-03-06,FR,2026-03-06T15:15:00Z,2026-03-06T15:30:00Z,2026-03-06T16:15:00+01:00,2026-03-06T16:30:00+01:00,100.07,EUR
SIDC_IntradayAuction3,2026-03-06,FR,2026-03-06T15:30:00Z,2026-03-06T15:45:00Z,2026-03-06T16:30:00+01:00,2026-03-06T16:45:00+01:00,87.81,EUR
SIDC_IntradayAuction3,2026-03-06,FR,2026-03-06T15:45:00Z,2026-03-06T16:00:00Z,2026-03-06T16:45:00+01:00,2026-03-06T17:00:00+01:00,90.37,EUR
SIDC_IntradayAuction3,2026-03-06,FR,2026-03-06T16:00:00Z,2026-03-06T16:15:00Z,2026-03-06T17:00:00+01:00,2026-03-06T17:15:00+01:00,81.86,EUR
SIDC_IntradayAuction3,2026-03-06,FR,2026-03-06T16:15:00Z,2026-03-06T16:30:00Z,2026-03-06T17:15:00+01:00,2026-03-06T17:30:00+01:00,78.99,EUR
SIDC_IntradayAuction3,2026-03-06,FR,2026-03-06T16:30:00Z,2026-03-06T16:45:00Z,2026-03-06T17:30:00+01:00,2026-03-06T17:45:00+01:00,92.72,EUR
SIDC_IntradayAuction3,2026-03-06,FR,2026-03-06T16:45:00Z,2026-03-06T17:00:00Z,2026-03-06T17:45:00+01:00,2026-03-06T18:00:00+01:00,118.43,EUR
SIDC_IntradayAuction3,2026-03-06,FR,2026-03-06T17:00:00Z,2026-03-06T17:15:00Z,2026-03-06T18:00:00+01:00,2026-03-06T18:15:00+01:00,110.41,EUR
SIDC_IntradayAuction3,2026-03-06,FR,2026-03-06T17:15:00Z,2026-03-06T17:30:00Z,2026-03-06T18:15:00+01:00,2026-03-06T18:30:00+01:00,128.01,EUR
SIDC_IntradayAuction3,2026-03-06,FR,2026-03-06T17:30:00Z,2026-03-06T17:45:00Z,2026-03-06T18:30:00+01:00,2026-03-06T18:45:00+01:00,87.4,EUR
SIDC_IntradayAuction3,2026-03-06,FR,2026-03-06T17:45:00Z,2026-03-06T18:00:00Z,2026-03-06T18:45:00+01:00,2026-03-06T19:00:00+01:00,142.18,EUR
SIDC_IntradayAuction3,2026-03-06,FR,2026-03-06T18:00:00Z,2026-03-06T18:15:00Z,2026-03-06T19:00:00+01:00,2026-03-06T19:15:00+01:00,172.68,EUR
SIDC_IntradayAuction3,2026-03-06,FR,2026-03-06T18:15:00Z,2026-03-06T18:30:00Z,2026-03-06T19:15:00+01:00,2026-03-06T19:30:00+01:00,157.0,EUR
SIDC_IntradayAuction3,2026-03-06,FR,2026-03-06T18:30:00Z,2026-03-06T18:45:00Z,2026-03-06T19:30:00+01:00,2026-03-06T19:45:00+01:00,145.2,EUR
SIDC_IntradayAuction3,2026-03-06,FR,2026-03-06T18:45:00Z,2026-03-06T19:00:00Z,2026-03-06T19:45:00+01:00,2026-03-06T20:00:00+01:00,106.32,EUR
SIDC_IntradayAuction3,2026-03-06,FR,2026-03-06T19:00:00Z,2026-03-06T19:15:00Z,2026-03-06T20:00:00+01:00,2026-03-06T20:15:00+01:00,149.82,EUR
SIDC_IntradayAuction3,2026-03-06,FR,2026-03-06T19:15:00Z,2026-03-06T19:30:00Z,2026-03-06T20:15:00+01:00,2026-03-06T20:30:00+01:00,101.92,EUR
SIDC_IntradayAuction3,2026-03-06,FR,2026-03-06T19:30:00Z,2026-03-06T19:45:00Z,2026-03-06T20:30:00+01:00,2026-03-06T20:45:00+01:00,99.0,EUR
SIDC_IntradayAuction3,2026-03-06,FR,2026-03-06T19:45:00Z,2026-03-06T20:00:00Z,2026-03-06T20:45:00+01:00,2026-03-06T21:00:00+01:00,97.26,EUR
SIDC_IntradayAuction3,2026-03-06,FR,2026-03-06T20:00:00Z,2026-03-06T20:15:00Z,2026-03-06T21:00:00+01:00,2026-03-06T21:15:00+01:00,103.07,EUR
SIDC_IntradayAuction3,2026-03-06,FR,2026-03-06T20:15:00Z,2026-03-06T20:30:00Z,2026-03-06T21:15:00+01:00,2026-03-06T21:30:00+01:00,101.37,EUR
SIDC_IntradayAuction3,2026-03-06,FR,2026-03-06T20:30:00Z,2026-03-06T20:45:00Z,2026-03-06T21:30:00+01:00,2026-03-06T21:45:00+01:00,98.53,EUR
SIDC_IntradayAuction3,2026-03-06,FR,2026-03-06T20:45:00Z,2026-03-06T21:00:00Z,2026-03-06T21:45:00+01:00,2026-03-06T22:00:00+01:00,91.5,EUR
SIDC_IntradayAuction3,2026-03-06,FR,2026-03-06T21:00:00Z,2026-03-06T21:15:00Z,2026-03-06T22:00:00+01:00,2026-03-06T22:15:00+01:00,93.88,EUR
SIDC_IntradayAuction3,2026-03-06,FR,2026-03-06T21:15:00Z,2026-03-06T21:30:00Z,2026-03-06T22:15:00+01:00,2026-03-06T22:30:00+01:00,91.8,EUR
SIDC_IntradayAuction3,2026-03-06,FR,2026-03-06T21:30:00Z,2026-03-06T21:45:00Z,2026-03-06T22:30:00+01:00,2026-03-06T22:45:00+01:00,104.5,EUR
SIDC_IntradayAuction3,2026-03-06,FR,2026-03-06T21:45:00Z,2026-03-06T22:00:00Z,2026-03-06T22:45:00+01:00,2026-03-06T23:00:00+01:00,85.8,EUR
SIDC_IntradayAuction3,2026-03-06,FR,2026-03-06T22:00:00Z,2026-03-06T22:15:00Z,2026-03-06T23:00:00+01:00,2026-03-06T23:15:00+01:00,101.98,EUR
SIDC_IntradayAuction3,2026-03-06,FR,2026-03-06T22:15:00Z,2026-03-06T22:30:00Z,2026-03-06T23:15:00+01:00,2026-03-06T23:30:00+01:00,86.7,EUR
SIDC_IntradayAuction3,2026-03-06,FR,2026-03-06T22:30:00Z,2026-03-06T22:45:00Z,2026-03-06T23:30:00+01:00,2026-03-06T23:45:00+01:00,121.25,EUR
SIDC_IntradayAuction3,2026-03-06,FR,2026-03-06T22:45:00Z,2026-03-06T23:00:00Z,2026-03-06T23:45:00+01:00,2026-03-07T00:00:00+01:00,77.81,EUR
SIDC_IntradayAuction3,2026-03-06,GER,2026-03-06T11:00:00Z,2026-03-06T11:15:00Z,2026-03-06T12:00:00+01:00,2026-03-06T12:15:00+01:00,68.59,EUR
SIDC_IntradayAuction3,2026-03-06,GER,2026-03-06T11:15:00Z,2026-03-06T11:30:00Z,2026-03-06T12:15:00+01:00,2026-03-06T12:30:00+01:00,62.49,EUR
SIDC_IntradayAuction3,2026-03-06,GER,2026-03-06T11:30:00Z,2026-03-06T11:45:00Z,2026-03-06T12:30:00+01:00,2026-03-06T12:45:00+01:00,61.95,EUR
SIDC_IntradayAuction3,2026-03-06,GER,2026-03-06T11:45:00Z,2026-03-06T12:00:00Z,2026-03-06T12:45:00+01:00,2026-03-06T13:00:00+01:00,55.88,EUR
SIDC_IntradayAuction3,2026-03-06,GER,2026-03-06T12:00:00Z,2026-03-06T12:15:00Z,2026-03-06T13:00:00+01:00,2026-03-06T13:15:00+01:00,52.5,EUR
SIDC_IntradayAuction3,2026-03-06,GER,2026-03-06T12:15:00Z,2026-03-06T12:30:00Z,2026-03-06T13:15:00+01:00,2026-03-06T13:30:00+01:00,55.48,EUR
SIDC_IntradayAuction3,2026-03-06,GER,2026-03-06T12:30:00Z,2026-03-06T12:45:00Z,2026-03-06T13:30:00+01:00,2026-03-06T13:45:00+01:00,55.31,EUR
SIDC_IntradayAuction3,2026-03-06,GER,2026-03-06T12:45:00Z,2026-03-06T13:00:00Z,2026-03-06T13:45:00+01:00,2026-03-06T14:00:00+01:00,57.8,EUR
SIDC_IntradayAuction3,2026-03-06,GER,2026-03-06T13:00:00Z,2026-03-06T13:15:00Z,2026-03-06T14:00:00+01:00,2026-03-06T14:15:00+01:00,53.32,EUR
SIDC_IntradayAuction3,2026-03-06,GER,2026-03-06T13:15:00Z,2026-03-06T13:30:00Z,2026-03-06T14:15:00+01:00,2026-03-06T14:30:00+01:00,70.1,EUR
SIDC_IntradayAuction3,2026-03-06,GER,2026-03-06T13:30:00Z,2026-03-06T13:45:00Z,2026-03-06T14:30:00+01:00,2026-03-06T14:45:00+01:00,78.99,EUR
SIDC_IntradayAuction3,2026-03-06,GER,2026-03-06T13:45:00Z,2026-03-06T14:00:00Z,2026-03-06T14:45:00+01:00,2026-03-06T15:00:00+01:00,89.63,EUR
SIDC_IntradayAuction3,2026-03-06,GER,2026-03-06T14:00:00Z,2026-03-06T14:15:00Z,2026-03-06T15:00:00+01:00,2026-03-06T15:15:00+01:00,80.89,EUR
SIDC_IntradayAuction3,2026-03-06,GER,2026-03-06T14:15:00Z,2026-03-06T14:30:00Z,2026-03-06T15:15:00+01:00,2026-03-06T15:30:00+01:00,95.01,EUR
SIDC_IntradayAuction3,2026-03-06,GER,2026-03-06T14:30:00Z,2026-03-06T14:45:00Z,2026-03-06T15:30:00+01:00,2026-03-06T15:45:00+01:00,99.92,EUR
SIDC_IntradayAuction3,2026-03-06,GER,2026-03-06T14:45:00Z,2026-03-06T15:00:00Z,2026-03-06T15:45:00+01:00,2026-03-06T16:00:00+01:00,118.55,EUR
SIDC_IntradayAuction3,2026-03-06,GER,2026-03-06T15:00:00Z,2026-03-06T15:15:00Z,2026-03-06T16:00:00+01:00,2026-03-06T16:15:00+01:00,92.36,EUR
SIDC_IntradayAuction3,2026-03-06,GER,2026-03-06T15:15:00Z,2026-03-06T15:30:00Z,2026-03-06T16:15:00+01:00,2026-03-06T16:30:00+01:00,109.01,EUR
SIDC_IntradayAuction3,2026-03-06,GER,2026-03-06T15:30:00Z,2026-03-06T15:45:00Z,2026-03-06T16:30:00+01:00,2026-03-06T16:45:00+01:00,131.87,EUR
SIDC_IntradayAuction3,2026-03-06,GER,2026-03-06T15:45:00Z,2026-03-06T16:00:00Z,2026-03-06T16:45:00+01:00,2026-03-06T17:00:00+01:00,151.89,EUR
SIDC_IntradayAuction3,2026-03-06,GER,2026-03-06T16:00:00Z,2026-03-06T16:15:00Z,2026-03-06T17:00:00+01:00,2026-03-06T17:15:00+01:00,118.7,EUR
SIDC_IntradayAuction3,2026-03-06,GER,2026-03-06T16:15:00Z,2026-03-06T16:30:00Z,2026-03-06T17:15:00+01:00,2026-03-06T17:30:00+01:00,135.54,EUR
SIDC_IntradayAuction3,2026-03-06,GER,2026-03-06T16:30:00Z,2026-03-06T16:45:00Z,2026-03-06T17:30:00+01:00,2026-03-06T17:45:00+01:00,164.93,EUR
SIDC_IntradayAuction3,2026-03-06,GER,2026-03-06T16:45:00Z,2026-03-06T17:00:00Z,2026-03-06T17:45:00+01:00,2026-03-06T18:00:00+01:00,196.03,EUR
SIDC_IntradayAuction3,2026-03-06,GER,2026-03-06T17:00:00Z,2026-03-06T17:15:00Z,2026-03-06T18:00:00+01:00,2026-03-06T18:15:00+01:00,181.04,EUR
SIDC_IntradayAuction3,2026-03-06,GER,2026-03-06T17:15:00Z,2026-03-06T17:30:00Z,2026-03-06T18:15:00+01:00,2026-03-06T18:30:00+01:00,192.0,EUR
SIDC_IntradayAuction3,2026-03-06,GER,2026-03-06T17:30:00Z,2026-03-06T17:45:00Z,2026-03-06T18:30:00+01:00,2026-03-06T18:45:00+01:00,196.0,EUR
SIDC_IntradayAuction3,2026-03-06,GER,2026-03-06T17:45:00Z,2026-03-06T18:00:00Z,2026-03-06T18:45:00+01:00,2026-03-06T19:00:00+01:00,198.96,EUR
SIDC_IntradayAuction3,2026-03-06,GER,2026-03-06T18:00:00Z,2026-03-06T18:15:00Z,2026-03-06T19:00:00+01:00,2026-03-06T19:15:00+01:00,201.07,EUR
SIDC_IntradayAuction3,2026-03-06,GER,2026-03-06T18:15:00Z,2026-03-06T18:30:00Z,2026-03-06T19:15:00+01:00,2026-03-06T19:30:00+01:00,180.35,EUR
SIDC_IntradayAuction3,2026-03-06,GER,2026-03-06T18:30:00Z,2026-03-06T18:45:00Z,2026-03-06T19:30:00+01:00,2026-03-06T19:45:00+01:00,159.63,EUR
SIDC_IntradayAuction3,2026-03-06,GER,2026-03-06T18:45:00Z,2026-03-06T19:00:00Z,2026-03-06T19:45:00+01:00,2026-03-06T20:00:00+01:00,150.95,EUR
SIDC_IntradayAuction3,2026-03-06,GER,2026-03-06T19:00:00Z,2026-03-06T19:15:00Z,2026-03-06T20:00:00+01:00,2026-03-06T20:15:00+01:00,158.99,EUR
SIDC_IntradayAuction3,2026-03-06,GER,2026-03-06T19:15:00Z,2026-03-06T19:30:00Z,2026-03-06T20:15:00+01:00,2026-03-06T20:30:00+01:00,147.6,EUR
SIDC_IntradayAuction3,2026-03-06,GER,2026-03-06T19:30:00Z,2026-03-06T19:45:00Z,2026-03-06T20:30:00+01:00,2026-03-06T20:45:00+01:00,139.16,EUR
SIDC_IntradayAuction3,2026-03-06,GER,2026-03-06T19:45:00Z,2026-03-06T20:00:00Z,2026-03-06T20:45:00+01:00,2026-03-06T21:00:00+01:00,126.24,EUR
SIDC_IntradayAuction3,2026-03-06,GER,2026-03-06T20:00:00Z,2026-03-06T20:15:00Z,2026-03-06T21:00:00+01:00,2026-03-06T21:15:00+01:00,138.08,EUR
SIDC_IntradayAuction3,2026-03-06,GER,2026-03-06T20:15:00Z,2026-03-06T20:30:00Z,2026-03-06T21:15:00+01:00,2026-03-06T21:30:00+01:00,132.12,EUR
SIDC_IntradayAuction3,2026-03-06,GER,2026-03-06T20:30:00Z,2026-03-06T20:45:00Z,2026-03-06T21:30:00+01:00,2026-03-06T21:45:00+01:00,123.4,EUR
SIDC_IntradayAuction3,2026-03-06,GER,2026-03-06T20:45:00Z,2026-03-06T21:00:00Z,2026-03-06T21:45:00+01:00,2026-03-06T22:00:00+01:00,117.6,EUR
SIDC_IntradayAuction3,2026-03-06,GER,2026-03-06T21:00:00Z,2026-03-06T21:15:00Z,2026-03-06T22:00:00+01:00,2026-03-06T22:15:00+01:00,130.02,EUR
SIDC_IntradayAuction3,2026-03-06,GER,2026-03-06T21:15:00Z,2026-03-06T21:30:00Z,2026-03-06T22:15:00+01:00,2026-03-06T22:30:00+01:00,124.96,EUR
SIDC_IntradayAuction3,2026-03-06,GER,2026-03-06T21:30:00Z,2026-03-06T21:45:00Z,2026-03-06T22:30:00+01:00,2026-03-06T22:45:00+01:00,119.46,EUR
SIDC_IntradayAuction3,2026-03-06,GER,2026-03-06T21:45:00Z,2026-03-06T22:00:00Z,2026-03-06T22:45:00+01:00,2026-03-06T23:00:00+01:00,113.8,EUR
SIDC_IntradayAuction3,2026-03-06,GER,2026-03-06T22:00:00Z,2026-03-06T22:15:00Z,2026-03-06T23:00:00+01:00,2026-03-06T23:15:00+01:00,124.99,EUR
SIDC_IntradayAuction3,2026-03-06,GER,2026-03-06T22:15:00Z,2026-03-06T22:30:00Z,2026-03-06T23:15:00+01:00,2026-03-06T23:30:00+01:00,123.67,EUR
SIDC_IntradayAuction3,2026-03-06,GER,2026-03-06T22:30:00Z,2026-03-06T22:45:00Z,2026-03-06T23:30:00+01:00,2026-03-06T23:45:00+01:00,121.25,EUR
SIDC_IntradayAuction3,2026-03-06,GER,2026-03-06T22:45:00Z,2026-03-06T23:00:00Z,2026-03-06T23:45:00+01:00,2026-03-07T00:00:00+01:00,112.61,EUR
